-- phpMyAdmin SQL Dump
-- version 5.2.1
-- https://www.phpmyadmin.net/
--
-- Host: 127.0.0.1
-- Generation Time: Oct 01, 2024 at 09:00 AM
-- Server version: 10.4.32-MariaDB
-- PHP Version: 8.2.12

SET SQL_MODE = "NO_AUTO_VALUE_ON_ZERO";
START TRANSACTION;
SET time_zone = "+00:00";


/*!40101 SET @OLD_CHARACTER_SET_CLIENT=@@CHARACTER_SET_CLIENT */;
/*!40101 SET @OLD_CHARACTER_SET_RESULTS=@@CHARACTER_SET_RESULTS */;
/*!40101 SET @OLD_COLLATION_CONNECTION=@@COLLATION_CONNECTION */;
/*!40101 SET NAMES utf8mb4 */;

--
-- Database: `ci4hr`
--

-- --------------------------------------------------------

--
-- Table structure for table `batal_cuti_izin`
--

CREATE TABLE `batal_cuti_izin` (
  `id_batal` int(10) NOT NULL,
  `id_izin` int(10) NOT NULL,
  `alasan_batal` varchar(200) NOT NULL,
  `nik` varchar(100) NOT NULL,
  `inisial` varchar(10) NOT NULL,
  `nama` varchar(200) NOT NULL,
  `departemen` varchar(100) NOT NULL,
  `izin_awal` varchar(100) NOT NULL,
  `alasan_izin` varchar(200) NOT NULL,
  `history` varchar(10) NOT NULL,
  `total_cuti` int(10) NOT NULL,
  `periode_cuti` int(10) NOT NULL
) ENGINE=InnoDB DEFAULT CHARSET=utf8mb4 COLLATE=utf8mb4_general_ci;

--
-- Dumping data for table `batal_cuti_izin`
--

INSERT INTO `batal_cuti_izin` (`id_batal`, `id_izin`, `alasan_batal`, `nik`, `inisial`, `nama`, `departemen`, `izin_awal`, `alasan_izin`, `history`, `total_cuti`, `periode_cuti`) VALUES
(47, 408, 'TIDAK JADI PERGI', '02201710123', 'ASW', 'Aldyanto Setyawan', 'Quality Control', '2024-09-24', 'cuti', 'ODP', 1, 2024),
(48, 412, 'Batal Pergi', '02202105002', 'DPA', 'Dini Pisserela', 'Quality Control', '2024-09-24', 'cuti', 'ODP', 1, 2024),
(53, 610, 'double input\r\n', '02201405004', 'ANS', 'Agus Nugraha Setyabudi', 'HR & GA', '2024-10-07', 'cuti', 'ODP', 1, 2024);

-- --------------------------------------------------------

--
-- Table structure for table `cuti_bersama`
--

CREATE TABLE `cuti_bersama` (
  `id` int(11) NOT NULL,
  `tanggal` date NOT NULL,
  `keterangan` varchar(200) NOT NULL,
  `tanggal_awal` date DEFAULT NULL
) ENGINE=InnoDB DEFAULT CHARSET=utf8mb4 COLLATE=utf8mb4_general_ci;

--
-- Dumping data for table `cuti_bersama`
--

INSERT INTO `cuti_bersama` (`id`, `tanggal`, `keterangan`, `tanggal_awal`) VALUES
(72, '2024-09-08', 'weekend', NULL),
(73, '2024-09-14', 'weekend', NULL),
(74, '2024-09-15', 'weekend', NULL),
(75, '2024-09-21', 'weekend', NULL),
(76, '2024-09-22', 'weekend', NULL),
(77, '2024-09-28', 'weekend', NULL),
(78, '2024-09-29', 'weekend', NULL),
(79, '2024-10-05', 'weekend', NULL),
(80, '2024-10-06', 'weekend', NULL),
(81, '2024-10-12', 'weekend', NULL),
(82, '2024-10-13', 'weekend', NULL),
(83, '2024-10-19', 'weekend', NULL),
(84, '2024-10-20', 'weekend', NULL),
(85, '2024-10-26', 'weekend', NULL),
(86, '2024-10-27', 'weekend', NULL),
(87, '2024-11-02', 'weekend', NULL),
(88, '2024-11-03', 'weekend', NULL),
(89, '2024-11-09', 'weekend', NULL),
(90, '2024-11-10', 'weekend', NULL),
(91, '2024-11-16', 'weekend', NULL),
(92, '2024-11-17', 'weekend', NULL),
(93, '2024-11-23', 'weekend', NULL),
(94, '2024-11-24', 'weekend', NULL),
(95, '2024-11-30', 'weekend', NULL),
(96, '2024-12-01', 'weekend', NULL),
(97, '2024-12-07', 'weekend', NULL),
(98, '2024-12-08', 'weekend', NULL),
(99, '2024-12-14', 'weekend', NULL),
(100, '2024-12-15', 'weekend', NULL),
(101, '2024-12-21', 'weekend', NULL),
(102, '2024-12-22', 'weekend', NULL),
(103, '2024-12-28', 'weekend', NULL),
(104, '2024-12-29', 'weekend', NULL),
(105, '2025-01-04', 'weekend', NULL),
(106, '2025-01-05', 'weekend', NULL),
(107, '2025-01-11', 'weekend', NULL),
(108, '2025-01-12', 'weekend', NULL),
(109, '2025-01-18', 'weekend', NULL),
(110, '2025-01-19', 'weekend', NULL),
(111, '2025-01-25', 'weekend', NULL),
(112, '2025-01-26', 'weekend', NULL),
(113, '2025-02-01', 'weekend', NULL),
(114, '2025-02-02', 'weekend', NULL),
(115, '2025-02-08', 'weekend', NULL),
(116, '2025-02-09', 'weekend', NULL),
(117, '2025-02-15', 'weekend', NULL),
(118, '2025-02-16', 'weekend', NULL),
(119, '2025-02-22', 'weekend', NULL),
(120, '2025-02-23', 'weekend', NULL),
(121, '2025-03-01', 'weekend', NULL),
(122, '2025-03-02', 'weekend', NULL),
(123, '2025-03-08', 'weekend', NULL),
(124, '2025-03-09', 'weekend', NULL),
(125, '2025-03-15', 'weekend', NULL),
(126, '2025-03-16', 'weekend', NULL),
(127, '2025-03-22', 'weekend', NULL),
(128, '2025-03-23', 'weekend', NULL),
(129, '2025-03-29', 'weekend', NULL),
(130, '2025-03-30', 'weekend', NULL),
(131, '2025-04-05', 'weekend', NULL),
(132, '2025-04-06', 'weekend', NULL),
(133, '2025-04-12', 'weekend', NULL),
(134, '2025-04-13', 'weekend', NULL),
(135, '2025-04-19', 'weekend', NULL),
(136, '2025-04-20', 'weekend', NULL),
(137, '2025-04-26', 'weekend', NULL),
(138, '2025-04-27', 'weekend', NULL),
(139, '2025-05-03', 'weekend', NULL),
(140, '2025-05-04', 'weekend', NULL),
(141, '2025-05-10', 'weekend', NULL),
(142, '2025-05-11', 'weekend', NULL),
(143, '2025-05-17', 'weekend', NULL),
(144, '2025-05-18', 'weekend', NULL),
(145, '2025-05-24', 'weekend', NULL),
(146, '2025-05-25', 'weekend', NULL),
(147, '2025-05-31', 'weekend', NULL),
(148, '2025-06-01', 'weekend', NULL),
(149, '2025-06-07', 'weekend', NULL),
(150, '2025-06-08', 'weekend', NULL),
(151, '2025-06-14', 'weekend', NULL),
(152, '2025-06-15', 'weekend', NULL),
(153, '2025-06-21', 'weekend', NULL),
(154, '2025-06-22', 'weekend', NULL),
(155, '2025-06-28', 'weekend', NULL),
(156, '2025-06-29', 'weekend', NULL),
(157, '2025-07-05', 'weekend', NULL),
(158, '2025-07-06', 'weekend', NULL),
(159, '2025-07-12', 'weekend', NULL),
(160, '2025-07-13', 'weekend', NULL),
(161, '2025-07-19', 'weekend', NULL),
(162, '2025-07-20', 'weekend', NULL),
(163, '2025-07-26', 'weekend', NULL),
(164, '2025-07-27', 'weekend', NULL),
(165, '2025-08-02', 'weekend', NULL),
(166, '2025-08-03', 'weekend', NULL),
(167, '2025-08-09', 'weekend', NULL),
(168, '2025-08-10', 'weekend', NULL),
(169, '2025-08-16', 'weekend', NULL),
(170, '2025-08-17', 'weekend', NULL),
(171, '2025-08-23', 'weekend', NULL),
(172, '2025-08-24', 'weekend', NULL),
(173, '2025-08-30', 'weekend', NULL),
(174, '2025-08-31', 'weekend', NULL),
(175, '2025-09-06', 'weekend', NULL),
(176, '2025-09-07', 'weekend', NULL),
(177, '2025-09-13', 'weekend', NULL),
(178, '2025-09-14', 'weekend', NULL),
(179, '2025-09-20', 'weekend', NULL),
(180, '2025-09-21', 'weekend', NULL),
(181, '2025-09-27', 'weekend', NULL),
(182, '2025-09-28', 'weekend', NULL),
(183, '2025-10-04', 'weekend', NULL),
(184, '2025-10-05', 'weekend', NULL),
(185, '2025-10-11', 'weekend', NULL),
(186, '2025-10-12', 'weekend', NULL),
(187, '2025-10-18', 'weekend', NULL),
(188, '2025-10-19', 'weekend', NULL),
(189, '2025-10-25', 'weekend', NULL),
(190, '2025-10-26', 'weekend', NULL),
(191, '2025-11-01', 'weekend', NULL),
(192, '2025-11-02', 'weekend', NULL),
(193, '2025-11-08', 'weekend', NULL),
(194, '2025-11-09', 'weekend', NULL),
(195, '2025-11-15', 'weekend', NULL),
(196, '2025-11-16', 'weekend', NULL),
(197, '2025-11-22', 'weekend', NULL),
(198, '2025-11-23', 'weekend', NULL),
(199, '2025-11-29', 'weekend', NULL),
(200, '2025-11-30', 'weekend', NULL),
(201, '2025-12-06', 'weekend', NULL),
(202, '2025-12-07', 'weekend', NULL),
(203, '2025-12-13', 'weekend', NULL),
(204, '2025-12-14', 'weekend', NULL),
(205, '2025-12-20', 'weekend', NULL),
(206, '2025-12-21', 'weekend', NULL),
(207, '2025-12-27', 'weekend', NULL),
(208, '2025-12-28', 'weekend', NULL),
(209, '2026-01-03', 'weekend', NULL),
(210, '2026-01-04', 'weekend', NULL),
(211, '2026-01-10', 'weekend', NULL),
(212, '2026-01-11', 'weekend', NULL),
(213, '2026-01-17', 'weekend', NULL),
(214, '2026-01-18', 'weekend', NULL),
(215, '2026-01-24', 'weekend', NULL),
(216, '2026-01-25', 'weekend', NULL),
(217, '2026-01-31', 'weekend', NULL),
(218, '2026-02-01', 'weekend', NULL),
(219, '2026-02-07', 'weekend', NULL),
(220, '2026-02-08', 'weekend', NULL),
(221, '2026-02-14', 'weekend', NULL),
(222, '2026-02-15', 'weekend', NULL),
(223, '2026-02-21', 'weekend', NULL),
(224, '2026-02-22', 'weekend', NULL),
(225, '2026-02-28', 'weekend', NULL),
(226, '2026-03-01', 'weekend', NULL),
(227, '2026-03-07', 'weekend', NULL),
(228, '2026-03-08', 'weekend', NULL),
(229, '2026-03-14', 'weekend', NULL),
(230, '2026-03-15', 'weekend', NULL),
(231, '2026-03-21', 'weekend', NULL),
(232, '2026-03-22', 'weekend', NULL),
(233, '2026-03-28', 'weekend', NULL),
(234, '2026-03-29', 'weekend', NULL),
(235, '2026-04-04', 'weekend', NULL),
(236, '2026-04-05', 'weekend', NULL),
(237, '2026-04-11', 'weekend', NULL),
(238, '2026-04-12', 'weekend', NULL),
(239, '2026-04-18', 'weekend', NULL),
(240, '2026-04-19', 'weekend', NULL),
(241, '2026-04-25', 'weekend', NULL),
(242, '2026-04-26', 'weekend', NULL),
(243, '2026-05-02', 'weekend', NULL),
(244, '2026-05-03', 'weekend', NULL),
(245, '2026-05-09', 'weekend', NULL),
(246, '2026-05-10', 'weekend', NULL),
(247, '2026-05-16', 'weekend', NULL),
(248, '2026-05-17', 'weekend', NULL),
(249, '2026-05-23', 'weekend', NULL),
(250, '2026-05-24', 'weekend', NULL),
(251, '2026-05-30', 'weekend', NULL),
(252, '2026-05-31', 'weekend', NULL),
(253, '2026-06-06', 'weekend', NULL),
(254, '2026-06-07', 'weekend', NULL),
(255, '2026-06-13', 'weekend', NULL),
(256, '2026-06-14', 'weekend', NULL),
(257, '2026-06-20', 'weekend', NULL),
(258, '2026-06-21', 'weekend', NULL),
(259, '2026-06-27', 'weekend', NULL),
(260, '2026-06-28', 'weekend', NULL),
(261, '2026-07-04', 'weekend', NULL),
(262, '2026-07-05', 'weekend', NULL),
(263, '2026-07-11', 'weekend', NULL),
(264, '2026-07-12', 'weekend', NULL),
(265, '2026-07-18', 'weekend', NULL),
(266, '2026-07-19', 'weekend', NULL),
(267, '2026-07-25', 'weekend', NULL),
(268, '2026-07-26', 'weekend', NULL),
(269, '2026-08-01', 'weekend', NULL),
(270, '2026-08-02', 'weekend', NULL),
(271, '2026-08-08', 'weekend', NULL),
(272, '2026-08-09', 'weekend', NULL),
(273, '2026-08-15', 'weekend', NULL),
(274, '2026-08-16', 'weekend', NULL),
(275, '2026-08-22', 'weekend', NULL),
(276, '2026-08-23', 'weekend', NULL),
(277, '2026-08-29', 'weekend', NULL),
(278, '2026-08-30', 'weekend', NULL),
(279, '2026-09-05', 'weekend', NULL),
(280, '2026-09-06', 'weekend', NULL),
(281, '2026-09-12', 'weekend', NULL),
(282, '2026-09-13', 'weekend', NULL),
(283, '2026-09-19', 'weekend', NULL),
(284, '2026-09-20', 'weekend', NULL),
(285, '2026-09-26', 'weekend', NULL),
(286, '2026-09-27', 'weekend', NULL),
(287, '2026-10-03', 'weekend', NULL),
(288, '2026-10-04', 'weekend', NULL),
(289, '2026-10-10', 'weekend', NULL),
(290, '2026-10-11', 'weekend', NULL),
(291, '2026-10-17', 'weekend', NULL),
(292, '2026-10-18', 'weekend', NULL),
(293, '2026-10-24', 'weekend', NULL),
(294, '2026-10-25', 'weekend', NULL),
(295, '2026-10-31', 'weekend', NULL),
(296, '2026-11-01', 'weekend', NULL),
(297, '2026-11-07', 'weekend', NULL),
(298, '2026-11-08', 'weekend', NULL),
(299, '2026-11-14', 'weekend', NULL),
(300, '2026-11-15', 'weekend', NULL),
(301, '2026-11-21', 'weekend', NULL),
(302, '2026-11-22', 'weekend', NULL),
(303, '2026-11-28', 'weekend', NULL),
(304, '2026-11-29', 'weekend', NULL),
(305, '2026-12-05', 'weekend', NULL),
(306, '2026-12-06', 'weekend', NULL),
(307, '2026-12-12', 'weekend', NULL),
(308, '2026-12-13', 'weekend', NULL),
(309, '2026-12-19', 'weekend', NULL),
(310, '2026-12-20', 'weekend', NULL),
(311, '2026-12-26', 'weekend', NULL),
(312, '2026-12-27', 'weekend', NULL),
(313, '2027-01-02', 'weekend', NULL),
(314, '2027-01-03', 'weekend', NULL),
(315, '2027-01-09', 'weekend', NULL),
(316, '2027-01-10', 'weekend', NULL),
(317, '2027-01-16', 'weekend', NULL),
(318, '2027-01-17', 'weekend', NULL),
(319, '2027-01-23', 'weekend', NULL),
(320, '2027-01-24', 'weekend', NULL),
(321, '2027-01-30', 'weekend', NULL),
(322, '2027-01-31', 'weekend', NULL),
(323, '2027-02-06', 'weekend', NULL),
(324, '2027-02-07', 'weekend', NULL),
(325, '2027-02-13', 'weekend', NULL),
(326, '2027-02-14', 'weekend', NULL),
(327, '2027-02-20', 'weekend', NULL),
(328, '2027-02-21', 'weekend', NULL),
(329, '2027-02-27', 'weekend', NULL),
(330, '2027-02-28', 'weekend', NULL),
(331, '2027-03-06', 'weekend', NULL),
(332, '2027-03-07', 'weekend', NULL),
(333, '2027-03-13', 'weekend', NULL),
(334, '2027-03-14', 'weekend', NULL),
(335, '2027-03-20', 'weekend', NULL),
(336, '2027-03-21', 'weekend', NULL),
(337, '2027-03-27', 'weekend', NULL),
(338, '2027-03-28', 'weekend', NULL),
(339, '2027-04-03', 'weekend', NULL),
(340, '2027-04-04', 'weekend', NULL),
(341, '2027-04-10', 'weekend', NULL),
(342, '2027-04-11', 'weekend', NULL),
(343, '2027-04-17', 'weekend', NULL),
(344, '2027-04-18', 'weekend', NULL),
(345, '2027-04-24', 'weekend', NULL),
(346, '2027-04-25', 'weekend', NULL),
(347, '2027-05-01', 'weekend', NULL),
(348, '2027-05-02', 'weekend', NULL),
(349, '2027-05-08', 'weekend', NULL),
(350, '2027-05-09', 'weekend', NULL),
(351, '2027-05-15', 'weekend', NULL),
(352, '2027-05-16', 'weekend', NULL),
(353, '2027-05-22', 'weekend', NULL),
(354, '2027-05-23', 'weekend', NULL),
(355, '2027-05-29', 'weekend', NULL),
(356, '2027-05-30', 'weekend', NULL),
(357, '2027-06-05', 'weekend', NULL),
(358, '2027-06-06', 'weekend', NULL),
(359, '2027-06-12', 'weekend', NULL),
(360, '2027-06-13', 'weekend', NULL),
(361, '2027-06-19', 'weekend', NULL),
(362, '2027-06-20', 'weekend', NULL),
(363, '2027-06-26', 'weekend', NULL),
(364, '2027-06-27', 'weekend', NULL),
(365, '2027-07-03', 'weekend', NULL),
(366, '2027-07-04', 'weekend', NULL),
(367, '2027-07-10', 'weekend', NULL),
(368, '2027-07-11', 'weekend', NULL),
(369, '2027-07-17', 'weekend', NULL),
(370, '2027-07-18', 'weekend', NULL),
(371, '2027-07-24', 'weekend', NULL),
(372, '2027-07-25', 'weekend', NULL),
(373, '2027-07-31', 'weekend', NULL),
(374, '2027-08-01', 'weekend', NULL),
(375, '2027-08-07', 'weekend', NULL),
(376, '2027-08-08', 'weekend', NULL),
(377, '2027-08-14', 'weekend', NULL),
(378, '2027-08-15', 'weekend', NULL),
(379, '2027-08-21', 'weekend', NULL),
(380, '2027-08-22', 'weekend', NULL),
(381, '2027-08-28', 'weekend', NULL),
(382, '2027-08-29', 'weekend', NULL),
(383, '2027-09-04', 'weekend', NULL),
(384, '2027-09-05', 'weekend', NULL),
(385, '2027-09-11', 'weekend', NULL),
(386, '2027-09-12', 'weekend', NULL),
(387, '2027-09-18', 'weekend', NULL),
(388, '2027-09-19', 'weekend', NULL),
(389, '2027-09-25', 'weekend', NULL),
(390, '2027-09-26', 'weekend', NULL),
(391, '2027-10-02', 'weekend', NULL),
(392, '2027-10-03', 'weekend', NULL),
(393, '2027-10-09', 'weekend', NULL),
(394, '2027-10-10', 'weekend', NULL),
(395, '2027-10-16', 'weekend', NULL),
(396, '2027-10-17', 'weekend', NULL),
(397, '2027-10-23', 'weekend', NULL),
(398, '2027-10-24', 'weekend', NULL),
(399, '2027-10-30', 'weekend', NULL),
(400, '2027-10-31', 'weekend', NULL),
(401, '2027-11-06', 'weekend', NULL),
(402, '2027-11-07', 'weekend', NULL),
(403, '2027-11-13', 'weekend', NULL),
(404, '2027-11-14', 'weekend', NULL),
(405, '2027-11-20', 'weekend', NULL),
(406, '2027-11-21', 'weekend', NULL),
(407, '2027-11-27', 'weekend', NULL),
(408, '2027-11-28', 'weekend', NULL),
(409, '2027-12-04', 'weekend', NULL),
(410, '2027-12-05', 'weekend', NULL),
(411, '2027-12-11', 'weekend', NULL),
(412, '2027-12-12', 'weekend', NULL),
(413, '2027-12-18', 'weekend', NULL),
(414, '2027-12-19', 'weekend', NULL),
(415, '2027-12-25', 'weekend', NULL),
(416, '2027-12-26', 'weekend', NULL),
(417, '2028-01-01', 'weekend', NULL),
(418, '2028-01-02', 'weekend', NULL),
(419, '2028-01-08', 'weekend', NULL),
(420, '2028-01-09', 'weekend', NULL),
(421, '2028-01-15', 'weekend', NULL),
(422, '2028-01-16', 'weekend', NULL),
(423, '2028-01-22', 'weekend', NULL),
(424, '2028-01-23', 'weekend', NULL),
(425, '2028-01-29', 'weekend', NULL),
(426, '2028-01-30', 'weekend', NULL),
(427, '2028-02-05', 'weekend', NULL),
(428, '2028-02-06', 'weekend', NULL),
(429, '2028-02-12', 'weekend', NULL),
(430, '2028-02-13', 'weekend', NULL),
(431, '2028-02-19', 'weekend', NULL),
(432, '2028-02-20', 'weekend', NULL),
(433, '2028-02-26', 'weekend', NULL),
(434, '2028-02-27', 'weekend', NULL),
(435, '2028-03-04', 'weekend', NULL),
(436, '2028-03-05', 'weekend', NULL),
(437, '2028-03-11', 'weekend', NULL),
(438, '2028-03-12', 'weekend', NULL),
(439, '2028-03-18', 'weekend', NULL),
(440, '2028-03-19', 'weekend', NULL),
(441, '2028-03-25', 'weekend', NULL),
(442, '2028-03-26', 'weekend', NULL),
(443, '2028-04-01', 'weekend', NULL),
(444, '2028-04-02', 'weekend', NULL),
(445, '2028-04-08', 'weekend', NULL),
(446, '2028-04-09', 'weekend', NULL),
(447, '2028-04-15', 'weekend', NULL),
(448, '2028-04-16', 'weekend', NULL),
(449, '2028-04-22', 'weekend', NULL),
(450, '2028-04-23', 'weekend', NULL),
(451, '2028-04-29', 'weekend', NULL),
(452, '2028-04-30', 'weekend', NULL),
(453, '2028-05-06', 'weekend', NULL),
(454, '2028-05-07', 'weekend', NULL),
(455, '2028-05-13', 'weekend', NULL),
(456, '2028-05-14', 'weekend', NULL),
(457, '2028-05-20', 'weekend', NULL),
(458, '2028-05-21', 'weekend', NULL),
(459, '2028-05-27', 'weekend', NULL),
(460, '2028-05-28', 'weekend', NULL),
(461, '2028-06-03', 'weekend', NULL),
(462, '2028-06-04', 'weekend', NULL),
(463, '2028-06-10', 'weekend', NULL),
(464, '2028-06-11', 'weekend', NULL),
(465, '2028-06-17', 'weekend', NULL),
(466, '2028-06-18', 'weekend', NULL),
(467, '2028-06-24', 'weekend', NULL),
(468, '2028-06-25', 'weekend', NULL),
(469, '2028-07-01', 'weekend', NULL),
(470, '2028-07-02', 'weekend', NULL),
(471, '2028-07-08', 'weekend', NULL),
(472, '2028-07-09', 'weekend', NULL),
(473, '2028-07-15', 'weekend', NULL),
(474, '2028-07-16', 'weekend', NULL),
(475, '2028-07-22', 'weekend', NULL),
(476, '2028-07-23', 'weekend', NULL),
(477, '2028-07-29', 'weekend', NULL),
(478, '2028-07-30', 'weekend', NULL),
(479, '2028-08-05', 'weekend', NULL),
(480, '2028-08-06', 'weekend', NULL),
(481, '2028-08-12', 'weekend', NULL),
(482, '2028-08-13', 'weekend', NULL),
(483, '2028-08-19', 'weekend', NULL),
(484, '2028-08-20', 'weekend', NULL),
(485, '2028-08-26', 'weekend', NULL),
(486, '2028-08-27', 'weekend', NULL),
(487, '2028-09-02', 'weekend', NULL),
(488, '2028-09-03', 'weekend', NULL),
(489, '2028-09-09', 'weekend', NULL),
(490, '2028-09-10', 'weekend', NULL),
(491, '2028-09-16', 'weekend', NULL),
(492, '2028-09-17', 'weekend', NULL),
(493, '2028-09-23', 'weekend', NULL),
(494, '2028-09-24', 'weekend', NULL),
(495, '2028-09-30', 'weekend', NULL),
(496, '2028-10-01', 'weekend', NULL),
(497, '2028-10-07', 'weekend', NULL),
(498, '2028-10-08', 'weekend', NULL),
(499, '2028-10-14', 'weekend', NULL),
(500, '2028-10-15', 'weekend', NULL),
(501, '2028-10-21', 'weekend', NULL),
(502, '2028-10-22', 'weekend', NULL),
(503, '2028-10-28', 'weekend', NULL),
(504, '2028-10-29', 'weekend', NULL),
(505, '2028-11-04', 'weekend', NULL),
(506, '2028-11-05', 'weekend', NULL),
(507, '2028-11-11', 'weekend', NULL),
(508, '2028-11-12', 'weekend', NULL),
(509, '2028-11-18', 'weekend', NULL),
(510, '2028-11-19', 'weekend', NULL),
(511, '2028-11-25', 'weekend', NULL),
(512, '2028-11-26', 'weekend', NULL),
(513, '2028-12-02', 'weekend', NULL),
(514, '2028-12-03', 'weekend', NULL),
(515, '2028-12-09', 'weekend', NULL),
(516, '2028-12-10', 'weekend', NULL),
(517, '2028-12-16', 'weekend', NULL),
(518, '2028-12-17', 'weekend', NULL),
(519, '2028-12-23', 'weekend', NULL),
(520, '2028-12-24', 'weekend', NULL),
(521, '2028-12-30', 'weekend', NULL),
(522, '2028-12-31', 'weekend', NULL),
(523, '2029-01-06', 'weekend', NULL),
(524, '2029-01-07', 'weekend', NULL),
(525, '2029-01-13', 'weekend', NULL),
(526, '2029-01-14', 'weekend', NULL),
(527, '2029-01-20', 'weekend', NULL),
(528, '2029-01-21', 'weekend', NULL),
(529, '2029-01-27', 'weekend', NULL),
(530, '2029-01-28', 'weekend', NULL),
(531, '2029-02-03', 'weekend', NULL),
(532, '2029-02-04', 'weekend', NULL),
(533, '2029-02-10', 'weekend', NULL),
(534, '2029-02-11', 'weekend', NULL),
(535, '2029-02-17', 'weekend', NULL),
(536, '2029-02-18', 'weekend', NULL),
(537, '2029-02-24', 'weekend', NULL),
(538, '2029-02-25', 'weekend', NULL),
(539, '2029-03-03', 'weekend', NULL),
(540, '2029-03-04', 'weekend', NULL),
(541, '2029-03-10', 'weekend', NULL),
(542, '2029-03-11', 'weekend', NULL),
(543, '2029-03-17', 'weekend', NULL),
(544, '2029-03-18', 'weekend', NULL),
(545, '2029-03-24', 'weekend', NULL),
(546, '2029-03-25', 'weekend', NULL),
(547, '2029-03-31', 'weekend', NULL),
(548, '2029-04-01', 'weekend', NULL),
(549, '2029-04-07', 'weekend', NULL),
(550, '2029-04-08', 'weekend', NULL),
(551, '2029-04-14', 'weekend', NULL),
(552, '2029-04-15', 'weekend', NULL),
(553, '2029-04-21', 'weekend', NULL),
(554, '2029-04-22', 'weekend', NULL),
(555, '2029-04-28', 'weekend', NULL),
(556, '2029-04-29', 'weekend', NULL),
(557, '2029-05-05', 'weekend', NULL),
(558, '2029-05-06', 'weekend', NULL),
(559, '2029-05-12', 'weekend', NULL),
(560, '2029-05-13', 'weekend', NULL),
(561, '2029-05-19', 'weekend', NULL),
(562, '2029-05-20', 'weekend', NULL),
(563, '2029-05-26', 'weekend', NULL),
(564, '2029-05-27', 'weekend', NULL),
(565, '2029-06-02', 'weekend', NULL),
(566, '2029-06-03', 'weekend', NULL),
(567, '2029-06-09', 'weekend', NULL),
(568, '2029-06-10', 'weekend', NULL),
(569, '2029-06-16', 'weekend', NULL),
(570, '2029-06-17', 'weekend', NULL),
(571, '2029-06-23', 'weekend', NULL),
(572, '2029-06-24', 'weekend', NULL),
(573, '2029-06-30', 'weekend', NULL),
(574, '2029-07-01', 'weekend', NULL),
(575, '2029-07-07', 'weekend', NULL),
(576, '2029-07-08', 'weekend', NULL),
(577, '2029-07-14', 'weekend', NULL),
(578, '2029-07-15', 'weekend', NULL),
(579, '2029-07-21', 'weekend', NULL),
(580, '2029-07-22', 'weekend', NULL),
(581, '2029-07-28', 'weekend', NULL),
(582, '2029-07-29', 'weekend', NULL),
(583, '2029-08-04', 'weekend', NULL),
(584, '2029-08-05', 'weekend', NULL),
(585, '2029-08-11', 'weekend', NULL),
(586, '2029-08-12', 'weekend', NULL),
(587, '2029-08-18', 'weekend', NULL),
(588, '2029-08-19', 'weekend', NULL),
(589, '2029-08-25', 'weekend', NULL),
(590, '2029-08-26', 'weekend', NULL),
(591, '2029-09-01', 'weekend', NULL),
(592, '2029-09-02', 'weekend', NULL),
(593, '2029-09-08', 'weekend', NULL),
(594, '2029-09-09', 'weekend', NULL),
(595, '2029-09-15', 'weekend', NULL),
(596, '2029-09-16', 'weekend', NULL),
(597, '2029-09-22', 'weekend', NULL),
(598, '2029-09-23', 'weekend', NULL),
(599, '2029-09-29', 'weekend', NULL),
(600, '2029-09-30', 'weekend', NULL),
(601, '2029-10-06', 'weekend', NULL),
(602, '2029-10-07', 'weekend', NULL),
(603, '2029-10-13', 'weekend', NULL),
(604, '2029-10-14', 'weekend', NULL),
(605, '2029-10-20', 'weekend', NULL),
(606, '2029-10-21', 'weekend', NULL),
(607, '2029-10-27', 'weekend', NULL),
(608, '2029-10-28', 'weekend', NULL),
(609, '2029-11-03', 'weekend', NULL),
(610, '2029-11-04', 'weekend', NULL),
(611, '2029-11-10', 'weekend', NULL),
(612, '2029-11-11', 'weekend', NULL),
(613, '2029-11-17', 'weekend', NULL),
(614, '2029-11-18', 'weekend', NULL),
(615, '2029-11-24', 'weekend', NULL),
(616, '2029-11-25', 'weekend', NULL),
(617, '2029-12-01', 'weekend', NULL),
(618, '2029-12-02', 'weekend', NULL),
(619, '2029-12-08', 'weekend', NULL),
(620, '2029-12-09', 'weekend', NULL),
(621, '2029-12-15', 'weekend', NULL),
(622, '2029-12-16', 'weekend', NULL),
(623, '2029-12-22', 'weekend', NULL),
(624, '2029-12-23', 'weekend', NULL),
(625, '2029-12-29', 'weekend', NULL),
(626, '2029-12-30', 'weekend', NULL),
(627, '2030-01-05', 'weekend', NULL),
(628, '2030-01-06', 'weekend', NULL),
(629, '2030-01-12', 'weekend', NULL),
(630, '2030-01-13', 'weekend', NULL),
(631, '2030-01-19', 'weekend', NULL),
(632, '2030-01-20', 'weekend', NULL),
(633, '2030-01-26', 'weekend', NULL),
(634, '2030-01-27', 'weekend', NULL),
(635, '2030-02-02', 'weekend', NULL),
(636, '2030-02-03', 'weekend', NULL),
(637, '2030-02-09', 'weekend', NULL),
(638, '2030-02-10', 'weekend', NULL),
(639, '2030-02-16', 'weekend', NULL),
(640, '2030-02-17', 'weekend', NULL),
(641, '2030-02-23', 'weekend', NULL),
(642, '2030-02-24', 'weekend', NULL),
(643, '2030-03-02', 'weekend', NULL),
(644, '2030-03-03', 'weekend', NULL),
(645, '2030-03-09', 'weekend', NULL),
(646, '2030-03-10', 'weekend', NULL),
(647, '2030-03-16', 'weekend', NULL),
(648, '2030-03-17', 'weekend', NULL),
(649, '2030-03-23', 'weekend', NULL),
(650, '2030-03-24', 'weekend', NULL),
(651, '2030-03-30', 'weekend', NULL),
(652, '2030-03-31', 'weekend', NULL),
(653, '2030-04-06', 'weekend', NULL),
(654, '2030-04-07', 'weekend', NULL),
(655, '2030-04-13', 'weekend', NULL),
(656, '2030-04-14', 'weekend', NULL),
(657, '2030-04-20', 'weekend', NULL),
(658, '2030-04-21', 'weekend', NULL),
(659, '2030-04-27', 'weekend', NULL),
(660, '2030-04-28', 'weekend', NULL),
(661, '2030-05-04', 'weekend', NULL),
(662, '2030-05-05', 'weekend', NULL),
(663, '2030-05-11', 'weekend', NULL),
(664, '2030-05-12', 'weekend', NULL),
(665, '2030-05-18', 'weekend', NULL),
(666, '2030-05-19', 'weekend', NULL),
(667, '2030-05-25', 'weekend', NULL),
(668, '2030-05-26', 'weekend', NULL),
(669, '2030-06-01', 'weekend', NULL),
(670, '2030-06-02', 'weekend', NULL),
(671, '2030-06-08', 'weekend', NULL),
(672, '2030-06-09', 'weekend', NULL),
(673, '2030-06-15', 'weekend', NULL),
(674, '2030-06-16', 'weekend', NULL),
(675, '2030-06-22', 'weekend', NULL),
(676, '2030-06-23', 'weekend', NULL),
(677, '2030-06-29', 'weekend', NULL),
(678, '2030-06-30', 'weekend', NULL),
(679, '2030-07-06', 'weekend', NULL),
(680, '2030-07-07', 'weekend', NULL),
(681, '2030-07-13', 'weekend', NULL),
(682, '2030-07-14', 'weekend', NULL),
(683, '2030-07-20', 'weekend', NULL),
(684, '2030-07-21', 'weekend', NULL),
(685, '2030-07-27', 'weekend', NULL),
(686, '2030-07-28', 'weekend', NULL),
(687, '2030-08-03', 'weekend', NULL),
(688, '2030-08-04', 'weekend', NULL),
(689, '2030-08-10', 'weekend', NULL),
(690, '2030-08-11', 'weekend', NULL),
(691, '2030-08-17', 'weekend', NULL),
(692, '2030-08-18', 'weekend', NULL),
(693, '2030-08-24', 'weekend', NULL),
(694, '2030-08-25', 'weekend', NULL),
(695, '2030-08-31', 'weekend', NULL),
(696, '2030-09-01', 'weekend', NULL),
(697, '2030-09-07', 'weekend', NULL),
(698, '2030-09-08', 'weekend', NULL),
(699, '2030-09-14', 'weekend', NULL),
(700, '2030-09-15', 'weekend', NULL),
(701, '2030-09-21', 'weekend', NULL),
(702, '2030-09-22', 'weekend', NULL),
(703, '2030-09-28', 'weekend', NULL),
(704, '2030-09-29', 'weekend', NULL),
(705, '2030-10-05', 'weekend', NULL),
(706, '2030-10-06', 'weekend', NULL),
(707, '2030-10-12', 'weekend', NULL),
(708, '2030-10-13', 'weekend', NULL),
(709, '2030-10-19', 'weekend', NULL),
(710, '2030-10-20', 'weekend', NULL),
(711, '2030-10-26', 'weekend', NULL),
(712, '2030-10-27', 'weekend', NULL),
(713, '2030-11-02', 'weekend', NULL),
(714, '2030-11-03', 'weekend', NULL),
(715, '2030-11-09', 'weekend', NULL),
(716, '2030-11-10', 'weekend', NULL),
(717, '2030-11-16', 'weekend', NULL),
(718, '2030-11-17', 'weekend', NULL),
(719, '2030-11-23', 'weekend', NULL),
(720, '2030-11-24', 'weekend', NULL),
(721, '2030-11-30', 'weekend', NULL),
(722, '2030-12-01', 'weekend', NULL),
(723, '2030-12-07', 'weekend', NULL),
(724, '2030-12-08', 'weekend', NULL),
(725, '2030-12-14', 'weekend', NULL),
(726, '2030-12-15', 'weekend', NULL),
(727, '2030-12-21', 'weekend', NULL),
(728, '2030-12-22', 'weekend', NULL),
(729, '2030-12-28', 'weekend', NULL),
(730, '2030-12-29', 'weekend', NULL);

-- --------------------------------------------------------

--
-- Table structure for table `hak_cuti`
--

CREATE TABLE `hak_cuti` (
  `id_hc` int(11) NOT NULL,
  `periode` varchar(10) DEFAULT NULL,
  `jatah_cuti` int(10) NOT NULL,
  `jatah_security` int(10) NOT NULL,
  `jatah_karyawan_baru` int(10) NOT NULL
) ENGINE=InnoDB DEFAULT CHARSET=utf8mb4 COLLATE=utf8mb4_general_ci;

--
-- Dumping data for table `hak_cuti`
--

INSERT INTO `hak_cuti` (`id_hc`, `periode`, `jatah_cuti`, `jatah_security`, `jatah_karyawan_baru`) VALUES
(50, '2024', 9, 12, 0),
(51, '2025', 10, 12, 0);

-- --------------------------------------------------------

--
-- Table structure for table `surat_izin`
--

CREATE TABLE `surat_izin` (
  `id_izin` int(5) NOT NULL,
  `nik` varchar(100) NOT NULL,
  `inisial` varchar(100) DEFAULT NULL,
  `nama` varchar(255) NOT NULL,
  `sisa_cuti` int(10) NOT NULL,
  `periode_cuti` varchar(100) NOT NULL,
  `total_cuti` int(10) NOT NULL,
  `tanggal_dibuat` datetime NOT NULL DEFAULT current_timestamp(),
  `departemen` varchar(255) NOT NULL,
  `level` int(11) NOT NULL,
  `alasan_izin` varchar(200) NOT NULL,
  `sub_alasan` varchar(200) NOT NULL,
  `izin_awal` varchar(255) DEFAULT NULL,
  `izin_akhir` varchar(255) DEFAULT NULL,
  `izin_awal2` varchar(100) DEFAULT NULL,
  `izin_akhir2` varchar(255) DEFAULT NULL,
  `tgl_masuk_kerja` varchar(100) NOT NULL,
  `keterangan` varchar(200) DEFAULT NULL,
  `kendaraan` varchar(200) DEFAULT NULL,
  `pengemudi` varchar(200) DEFAULT NULL,
  `approval1` varchar(100) DEFAULT NULL,
  `approval2` varchar(100) DEFAULT NULL,
  `atasan` varchar(100) DEFAULT NULL,
  `telp` varchar(20) DEFAULT NULL,
  `alamat` varchar(200) DEFAULT NULL
) ENGINE=InnoDB DEFAULT CHARSET=utf8mb4 COLLATE=utf8mb4_general_ci;

--
-- Dumping data for table `surat_izin`
--

INSERT INTO `surat_izin` (`id_izin`, `nik`, `inisial`, `nama`, `sisa_cuti`, `periode_cuti`, `total_cuti`, `tanggal_dibuat`, `departemen`, `level`, `alasan_izin`, `sub_alasan`, `izin_awal`, `izin_akhir`, `izin_awal2`, `izin_akhir2`, `tgl_masuk_kerja`, `keterangan`, `kendaraan`, `pengemudi`, `approval1`, `approval2`, `atasan`, `telp`, `alamat`) VALUES
(409, '02201204001', 'APO', 'Antonius Poerwoko', 0, '', 0, '2024-09-22 18:21:19', 'Purchasing', 3, 'pulang lebih awal', '15:00', '2024-09-23', NULL, NULL, NULL, '', 'Keperluan keluarga', 'Sendiri', 'Sendiri', '1', '1', 'HKO', NULL, NULL),
(410, '02202105002', 'DPA', 'Dini Pisserela', 0, '', 0, '2024-09-22 18:41:54', 'Quality Control', 2, 'pulang lebih awal', '12:30', '2024-09-23', NULL, NULL, NULL, '', 'Keperluan Pribadi', 'Motor', 'Sendiri', '1', '1', 'RPA', NULL, NULL),
(411, '02201910002', 'SUO', 'Supriyanto', 0, '', 0, '2024-09-22 18:48:47', 'PPIC', 1, 'pulang lebih awal', '13:00', '2024-09-23', NULL, NULL, NULL, '', 'MENGANTAR ANAK KONTROL KE RS', 'PRIBADI', 'PRIBADI', '1', '1', 'GTA', NULL, NULL),
(412, '02202105002', 'DPA', 'Dini Pisserela', 5, '2024', 1, '2024-09-22 18:49:17', 'Quality Control', 2, 'cuti', '', '2024-09-24', NULL, NULL, NULL, '2024-09-25', 'PRIBADI', NULL, NULL, '1', '9', 'RPA', '089518747993', 'JOGJA'),
(413, '02201309001', 'REN', 'Raden Edy Nurcahyo', 4, '2024', 1, '2024-09-22 19:06:47', 'PPIC', 1, 'cuti', '', '2024-10-28', NULL, NULL, NULL, '2024-10-29', 'ACARA KELUARGA', NULL, NULL, NULL, NULL, NULL, '08994103365', 'KEPARAKAN LOR MGI/757 YK'),
(414, '02202011017', 'FSA', 'Fanni Saputra', 4, '2024', 1, '2024-09-22 19:12:52', 'PPIC', 1, 'cuti', '', '2024-09-24', NULL, NULL, NULL, '2024-09-25', 'ACARA KELUARGA', NULL, NULL, '1', '1', 'GTA', '089503097872', 'TONDANAN SANGGRAHAN PRAMBANAN KLATEN'),
(415, '02201507001', 'SMN', 'Septi Mega Nanda', 4, '2024', 1, '2024-09-22 19:18:10', 'PPIC', 1, 'cuti', '', '2024-09-24', NULL, NULL, NULL, '2024-09-25', 'Terapi', NULL, NULL, '1', '1', 'FNI', '089673897747', 'Ngawi, Jawa Timur'),
(417, '02201910004', 'FRC', 'Febrian Rezki Chris Susanto', 0, '', 0, '2024-09-22 19:20:24', 'PPIC', 1, 'pulang lebih awal', '13:00', '2024-09-23', NULL, NULL, NULL, '', 'CEK KESEHATAN KPPS', 'MOTOR', 'PRIBADI', '1', '1', 'GTA', NULL, NULL),
(418, '02202102005', 'ASO', 'Afiana Suroto', 0, '', 0, '2024-09-22 19:21:31', 'Quality Assurance', 1, 'datang terlambat', '08:53', '2024-09-23', NULL, NULL, NULL, '', 'Cek kesehatan untuk KPPS', 'Sepeda motor', 'Afiana Suroto', '1', '1', 'REP', NULL, NULL),
(419, '02201702005', 'REP', 'Reza Eka Putra', 6, '2024', 1, '2024-09-22 19:27:55', 'Quality Assurance', 2, 'cuti', '', '2024-09-30', NULL, NULL, NULL, '2024-10-01', 'Keperluan pribadi', NULL, NULL, NULL, NULL, NULL, '085799760091', 'Klurak, Kalasan'),
(420, '02201207001', 'RPA', 'Y. Rizaqa Prema Arsyto', 0, '', 0, '2024-09-22 19:48:19', 'Quality Control', 3, 'pulang lebih awal', '13:00', '2024-09-23', NULL, NULL, NULL, '', 'Keperluan pribadi', 'Mobil', 'Pribadi', '1', '1', 'HKO', NULL, NULL),
(421, '02202003002', 'AIS', 'Adi Irawan Septiyanto', 0, '', 0, '2024-09-22 21:06:47', 'Finance & Accounting', 1, 'datang terlambat', '10:41', '2024-09-23', NULL, NULL, NULL, '', 'Ke NBS ambil dokumen, OCBC ambil cek dan mengantar dokumen, dan Bank Mandiri melakukan tarik dan setor tunai CN Dokter\r\n', 'Motor', 'Adi Irawan', '1', '1', 'DBT', NULL, NULL),
(422, '02202102001', 'RIN', 'RR. AM Itut Nugrahani, SE', 4, '2024', 1, '2024-09-22 22:59:35', 'Finance & Accounting', 1, 'cuti', '', '2024-09-27', NULL, NULL, NULL, '2024-09-30', 'ACARA KELUARGA', NULL, NULL, '1', '1', 'DBT', '0818366168', 'JL GAMBIRAN 57 YOGYA'),
(423, '02201909001', 'SNH', 'Sri Ningrum Handayani', 7, '2024', 1, '2024-09-23 00:19:26', 'HR & GA', 1, 'cuti', '', '2024-09-24', NULL, NULL, NULL, '2024-09-25', 'urus ktp', NULL, NULL, '1', '1', 'AWK', '085326994170', 'ngangkruk rt002/rw005 sumberejo klaten selatan'),
(424, '02201910003', 'PUA', 'Purdaka', 0, '', 0, '2024-09-23 00:26:18', 'PPIC', 1, 'pulang lebih awal', '14:30', '2024-09-23', NULL, NULL, NULL, '', 'MENGANTAR BAPAK KONTROL KE RS', 'SEPEDA MOTOR', 'SAYA SENDIRI', '1', '1', 'FNI', NULL, NULL),
(425, '02201709047', 'WDS', 'Wirayanto Dwi Satriyo', 4, '2024', 1, '2024-09-23 00:42:32', 'PPIC', 1, 'cuti', '', '2024-10-01', NULL, NULL, NULL, '2024-10-02', 'imunisasi je', NULL, NULL, '1', '1', 'FNI', '08567270884', 'bedilan kalitirto,berbah sleman yogyakarta'),
(426, '02202209001', 'AKP', 'Agnesia Kristina Putri', 0, '', 0, '2024-09-23 01:43:43', 'RND', 2, 'datang terlambat', '08:32', '2024-09-23', NULL, NULL, NULL, '', 'ke bengkel', '-', '-', '0', '0', NULL, NULL, NULL),
(427, '02202203001', 'EPY', 'Epta Putri Yuliana', 5, '2024', 1, '2024-09-23 04:37:55', 'Production', 1, 'cuti', '', '2024-10-07', NULL, NULL, NULL, '2024-10-08', 'KEPERLUAN KELUARGA', NULL, NULL, '1', '1', 'KFY', '085867737758', 'NGOREYAN,NGANDONG,GANTIWARNO,KLATEN'),
(429, '02202107015', 'SPL', 'Suci Puji Lestari', 5, '2024', 1, '2024-09-23 17:51:21', 'Production', 1, 'cuti', '', '2024-09-23', NULL, NULL, NULL, '2024-09-24', 'MENGANTAR ANAK PERIKSA', NULL, NULL, '1', '0', 'HRI', '089300372940', 'PUCANGAN,BENDAN,MANISRENGGO'),
(431, '02201410003', 'DHN', 'Dony Hermawan', 3, '2024', 1, '2024-09-23 18:13:04', 'RND', 1, 'cuti', '', '2024-09-23', NULL, NULL, NULL, '2024-09-24', 'Keperluan Keluarga', NULL, NULL, '1', '0', 'TAD', '085640437026', 'Sumber Ketandan Rt.19/06, Secang, Magelang'),
(433, '02201507013', 'SWM', 'Shintya Wedha Maharani', 0, '', 0, '2024-09-23 18:13:35', 'Production', 2, 'pulang lebih awal', '12:15', '2024-09-24', NULL, NULL, NULL, '', 'anak sakit', 'motor', 'pribadi', '1', '1', 'SHI', NULL, NULL),
(434, '02201607002', 'TAD', 'Thomas Anggun Dian Prakoso', 2, '2024', 1, '2024-09-23 18:13:55', 'RND', 2, 'cuti', '', '2024-09-23', NULL, NULL, NULL, '2024-09-24', 'Keperluan pribadi', NULL, NULL, '0', '0', NULL, '087839007871', 'Tulip Garden Resaidence, Lusah, Jogonalan, Klaten'),
(435, '02201608002', 'SHS', 'Sidiq Heri Sulistyo', 7, '2024', 1, '2024-09-23 18:16:15', 'Quality Control', 1, 'cuti', '', '2024-09-23', NULL, NULL, NULL, '2024-09-24', 'KEPERLUAN PRIBADI(MOMONG)', NULL, NULL, '1', '1', 'DPA', '085729199466', 'GONDOSARI, SITIMULYO,PIYUNGAN, BANTUL'),
(437, '02201311001', 'HPS', 'Heri Pamungkas', 0, '', 0, '2024-09-23 18:28:03', 'PPIC', 1, 'meninggalkan kantor', '08:50', '2024-09-24', NULL, NULL, NULL, '', 'memindah barang dari gudang DFA ke Jogonalan', 'mobil Box', 'Guntur', '1', '1', 'VDB', NULL, NULL),
(438, '02201709005', 'GBP', 'Guntur Bayu Dwi Cahyo', 0, '', 0, '2024-09-23 18:28:50', 'PPIC', 1, 'meninggalkan kantor', '08:30', '2024-09-24', NULL, NULL, NULL, '', 'MEMINDAH BARANG DARI DFA KEJOGONALAN', 'mobil box biru', 'guntur bayu', '1', '1', 'VDB', NULL, NULL),
(439, '02202406002', 'FNA', 'Farichah Nur Azizah', 0, '', 0, '2024-09-23 18:29:46', 'RND', 1, 'meninggalkan kantor', '10:00 - 11:30', '2024-09-23', NULL, NULL, NULL, '', 'konsul dokter dan ambil obat di RS Soeradji Tirtonegoro Klaten', 'Sepeda Motor', 'Farichah Nur Azizah', '1', '1', 'BAP', NULL, NULL),
(440, '02201710085', 'WSN', 'Wahyu Sukma Nalibrata', 0, '', 0, '2024-09-23 18:29:56', 'PPIC', 1, 'meninggalkan kantor', '08:30', '2024-09-24', NULL, NULL, NULL, '', 'MEMINDAH BARANG DARI DFA KE JOGONALAN', 'MOBIL BOX BIRU', 'GUNTUR BAYU', '1', '1', 'VDB', NULL, NULL),
(442, '02201902009', 'AKA', 'Agata Kristiana', 6, '2024', 1, '2024-09-23 18:36:37', 'PPIC', 1, 'cuti', '', '2024-09-23', NULL, NULL, NULL, '2024-09-24', 'Imunisasi Anak', NULL, NULL, '1', '1', 'VDB', '082118567385', 'Getasan RT/RW 02/02, Glodogan, Klaten Selatan, Klaten'),
(443, '02202208002', 'NAJ', 'Noreza Aurin Josinda', 7, '2024', 1, '2024-09-23 18:36:52', 'PBF', 1, 'cuti', '', '2024-09-23', NULL, NULL, NULL, '2024-09-24', 'Cek Kesehatan', NULL, NULL, '1', '1', 'PWI', '085 879 034 024', 'Metuk Kidul 11/04 Tegalyoso, Klaten Selatan, Klaten'),
(447, '02201511001', 'YPO', 'Yayan Prihandono', 0, '', 0, '2024-09-23 18:46:04', 'Purchasing', 2, 'meninggalkan kantor', '14:00 - 16:00', '2024-09-24', NULL, NULL, NULL, '', 'Jenguk Anak Di Pondok Pesantren', 'Pribadi', '-', '9', '0', 'APO', NULL, NULL),
(448, '02202301009', 'DMF', 'Dita Melyna Fitriani', 0, '', 0, '2024-09-23 18:48:42', 'Production', 1, 'tidak hadir', 'Pernikahan Karyawan', '2024-10-21', '2024-10-23', NULL, NULL, '', 'MENIKAH', '-', '-', '1', '1', 'HRI', NULL, NULL),
(449, '02202301009', 'DMF', 'Dita Melyna Fitriani', 2, '2024', 2, '2024-09-23 18:49:16', 'Production', 1, 'cuti', '', '2024-10-24', '2024-10-25', NULL, '', '2024-10-28', 'ACARA KELUARGA (PERNIKAHAN)', NULL, NULL, '1', '0', 'HRI', '08816647388', 'GROGOL 2 BENDAN MANISRENGGO KLATEN'),
(450, '02202307005', 'JTA', 'Jaka Triwiyana', 0, '', 0, '2024-09-23 18:57:51', 'RND', 1, 'datang terlambat', '08:50', '2024-09-24', NULL, NULL, NULL, '', 'pemeriksaan Kesehatan KPPS', '-', '-', '1', '1', 'BAP', NULL, NULL),
(451, '02201408001', 'APN', 'Andy Prasetyono', 6, '2024', 1, '2024-09-23 19:01:45', 'PPIC', 1, 'cuti', '', '2024-09-26', NULL, NULL, NULL, '2024-09-27', 'acara keluarga (outing class anak)', NULL, NULL, '1', '1', 'FNI', '', 'sukoharjo'),
(452, '02201603002', 'DIS', 'Dian Indri Setyawati', 0, '', 0, '2024-09-23 19:30:36', 'PPIC', 1, 'meninggalkan kantor', '09:40', '2024-09-24', NULL, NULL, NULL, '', 'Pertemuan Wali Murid', 'Motor', 'Dian', '1', '1', 'VDB', NULL, NULL),
(454, '02201308002', 'SUD', 'Sumardi', 3, '2024', 2, '2024-09-23 20:04:08', 'Engineering', 1, 'cuti', '', '2024-09-25', '2024-09-26', NULL, '', '2024-09-27', 'KELUARGA', NULL, NULL, '1', '0', 'FIN', '082141394432', 'KALIAJIR LOR,RT 05/RW 12,KALITIRTO,BERBAH,SLEMAN'),
(456, '02201408010', 'SII', 'Sihandani', 0, '', 0, '2024-09-23 21:50:07', 'HR & GA', 1, 'pulang lebih awal', '12:00', '2024-09-24', NULL, NULL, NULL, '', 'jumput ortu di RSI', 'motor', 'sendiri', '1', '1', 'IAI', NULL, NULL),
(457, '02201907008', 'SWO', 'Sugeng Widodo', 6, '2024', 1, '2024-09-23 22:14:59', 'Production', 1, 'cuti', '', '2024-09-30', NULL, NULL, NULL, '2024-10-01', 'KEPERLUAN KELUARGA', NULL, NULL, '1', '0', 'KFY', '089681102586', 'SANGGRAHAN PRAMBANAN KLATEN'),
(458, '02201408005', 'GTA', 'Gina Theresia', 0, '', 0, '2024-09-23 22:38:46', 'PPIC', 2, 'sakit', '', '2024-09-23', NULL, NULL, NULL, '', 'SAKIT', '-', '-', '1', '1', 'GRR', NULL, NULL),
(459, '02201506009', 'AHO', 'Asihono', 4, '2024', 1, '2024-09-23 23:05:25', 'Production', 1, 'cuti', '', '2024-09-27', NULL, NULL, NULL, '2024-09-30', 'ACARA KELUARGA', NULL, NULL, '1', '0', 'HRI', '083821210063', 'KADIROJO 1 ,PURWOMARTANI ,KALASAN, SLEMAN ,YOGYAKARTA'),
(460, '02202107007', 'LDI', 'Lusi Darwati', 3, '2024', 1, '2024-09-23 23:10:02', 'Production', 1, 'cuti', '', '2024-09-30', NULL, NULL, NULL, '2024-10-01', 'MENGANTAR ANAK LOMBA', NULL, NULL, '1', '0', 'JFT', '085700324171', 'Sumber sari prawatan jogonalan klaten'),
(461, '02201708010', 'PIW', 'Pursangkara Indriya Wicaksana', 0, '', 0, '2024-09-23 23:51:49', 'PPIC', 1, 'pulang lebih awal', '15:00', '2024-09-24', NULL, NULL, NULL, '', 'Acara keluarga', 'sepeda motor', 'pursangkara', '1', '1', 'VDB', NULL, NULL),
(462, '02201711011', 'AWO', 'Ardito Wijayanto', 0, '', 0, '2024-09-24 00:00:51', 'Quality Control', 1, 'pulang lebih awal', '14:30', '2024-09-24', NULL, NULL, NULL, '', 'Keperluan Pribadi', 'Motor', 'Saya sendiri', '1', '1', 'NPI', NULL, NULL),
(463, '02202201005', 'FIA', 'Fitriana', 0, '', 0, '2024-09-24 00:07:17', 'Finance & Accounting', 1, 'pulang lebih awal', '14:00', '2024-09-24', NULL, NULL, NULL, '', 'BULIK MENINGGAL DUNIA', 'PRIBADI', 'pribadi', '1', '1', 'HEA', NULL, NULL),
(464, '02201710079', 'SBA', 'Setya Budiyana', 6, '2024', 1, '2024-09-24 00:16:03', 'PPIC', 1, 'cuti', '', '2024-09-30', NULL, NULL, NULL, '2024-10-01', 'Keperluan keluarga', NULL, NULL, '1', '1', 'FNI', '0895392714056', 'pandes rt51 rw15 wedi klaten'),
(467, '02201712026', 'IWO', 'Ibnu Widodo', 0, '', 0, '2024-09-24 17:00:19', 'Production', 1, 'sakit', '', '2024-09-24', NULL, NULL, NULL, '', 'DEMAM DAN DIARE', 'SEPEDA MOTOR', 'PRIBADI', '1', '1', 'KFY', NULL, NULL),
(468, '02201709022', 'DFO', 'Danang Febriyanto', 4, '2024', 1, '2024-09-24 17:22:32', 'Production', 1, 'cuti', '', '2024-10-15', NULL, NULL, NULL, '2024-10-16', 'KEPERLUAN KELUARGA', NULL, NULL, '1', '0', 'KFY', '085760000037', 'pamukti baru , tlogo prambanan'),
(469, '02202111006', 'NPI', 'Nurlita Primasari', 0, '', 0, '2024-09-24 17:43:02', 'Quality Control', 2, 'meninggalkan kantor', '08:00 - 09:30', '2024-09-25', NULL, NULL, NULL, '', 'melayat orang tua karyawan an Dito', 'motor', 'Wulan', '1', '1', 'RPA', NULL, NULL),
(472, '02201408006', 'TPO', 'Tri Purwanto', 2, '2024', 1, '2024-09-24 17:53:28', 'PPIC', 1, 'cuti', '', '2024-09-24', NULL, NULL, NULL, '2024-09-25', 'Menghadiri undangan sambang warga bupati klaten', NULL, NULL, '1', '1', 'FNI', '085801268501', 'Nglorok,somokaton,karangnongko,klaten'),
(473, '02201310002', 'AHT', 'Achmad Hidayat', 0, '', 0, '2024-09-24 18:24:25', 'PPIC', 1, 'sakit', '', '2024-09-24', NULL, NULL, NULL, '', 'SAKIT', '-', '-', '1', '1', 'GTA', NULL, NULL),
(474, '02201410001', 'ISO', 'Idi Santosa', 0, '', 0, '2024-09-24 18:32:08', 'HR & GA', 1, 'meninggalkan kantor', '08:31 - 00:31', '2024-09-25', NULL, NULL, NULL, '', 'PMI', 'Operasional', 'Idi', '1', '1', 'AWK', NULL, NULL),
(475, '02201209002', 'ESN', 'Erli Setyawan', 0, '', 0, '2024-09-24 18:34:14', 'HR & GA', 1, 'meninggalkan kantor', '08:35 - 12:00', '2024-09-25', NULL, NULL, NULL, '', 'KIRIM DOKUMEN ', 'B UFN', 'ERLI', '1', '1', 'AWK', NULL, NULL),
(476, '02201812002', 'DKA', 'Deandra Kusuma Ariefka', 0, '', 0, '2024-09-24 19:00:14', 'HR & GA', 1, 'meninggalkan kantor', '09:15 - 11:00', '2024-09-25', NULL, NULL, NULL, '', 'Ke plant 2', 'Operasional', '-', '1', '1', 'OAL', NULL, NULL),
(477, '02202407005', 'STO', 'Suryanto', 0, '', 0, '2024-09-24 19:01:53', 'HR & GA', 1, 'meninggalkan kantor', '09:15 - 11:01', '2024-09-25', NULL, NULL, NULL, '', 'ke plant 2', 'operasional', '-', '1', '1', 'OAL', NULL, NULL),
(481, '02201711043', 'HAU', 'Hafid Arief Utomo', 0, '', 0, '2024-09-24 19:53:20', 'PPIC', 1, 'pulang lebih awal', '13:00', '2024-09-27', NULL, NULL, NULL, '', 'Mengantar Bapak kontrol / sakit jantung', 'Sepeda motor', 'saya sendiri', '1', '1', 'GRR', NULL, NULL),
(486, '02202310003', 'SRH', 'Shafira Rizqa Hasanta', 0, '', 0, '2024-09-24 20:05:39', 'Quality Control', 1, 'datang terlambat', '09:16', '2024-09-25', NULL, NULL, NULL, '', 'Kontrol', 'Sepeda Motor', 'Pribadi', '1', '1', 'DPA', NULL, NULL),
(488, '02201303002', 'TWI', 'Titit Wulandari', 0, '', 0, '2024-09-24 20:31:41', 'Quality Control', 2, 'meninggalkan kantor', '08:00 - 09:30', '2024-09-25', NULL, NULL, NULL, '', 'Melayat keluarga karyawan an Dito', 'motor', 'sendiri', '1', '1', 'RPA', NULL, NULL),
(489, '02202207002', 'WNG', 'Winayu Nurlita Gayatri', 0, '', 0, '2024-09-24 20:38:31', 'Quality Control', 1, 'meninggalkan kantor', '08:00 - 10:00', '2024-09-25', NULL, NULL, NULL, '', 'Takziah QC', 'Motor', 'Sendiri', '1', '1', 'DPA', NULL, NULL),
(490, '02202007002', 'WCW', 'Wibowo Canang Wijayanto', 5, '2024', 1, '2024-09-24 20:40:09', 'Production', 1, 'cuti', '', '2024-11-26', NULL, NULL, NULL, '2024-11-27', 'AMBIL LOGISTIK PEMILU (KPPS)', NULL, NULL, '1', '0', 'JFT', '085700500201', 'GASWANGI RT 02 RW 02 JABUNG GANTIWARNO KLATEN'),
(491, '02202112001', 'DMY', 'Dwi Muhammad Yusuf', 0, '', 0, '2024-09-24 20:41:20', 'Quality Control', 1, 'meninggalkan kantor', '08:00 - 10:00', '2024-09-25', NULL, NULL, NULL, '', 'Takziah QC ke rumah mas dito', 'Mobil', 'Daryanto', '1', '1', 'DPA', NULL, NULL),
(492, '02201311001', 'HPS', 'Heri Pamungkas', 0, '', 0, '2024-09-24 20:41:50', 'PPIC', 1, 'meninggalkan kantor', '11:00', '2024-09-25', NULL, NULL, NULL, '', 'PINDAHAN BARANG DARI DFA KE BAR\r\n', 'MOBIL BOX BIRU', 'GUNTUR', '1', '1', 'VDB', NULL, NULL),
(493, '02202007002', 'WCW', 'Wibowo Canang Wijayanto', 4, '2024', 1, '2024-09-24 20:42:18', 'Production', 1, 'cuti', '', '2024-11-28', NULL, NULL, NULL, '2024-11-29', 'ISTIRAHAT DI RUMAH (KPPS)', NULL, NULL, '1', '0', 'JFT', '085700500201', 'GASWANGI RT 02 RW 02 JABUNG GANTIWARNO'),
(494, '02201709005', 'GBP', 'Guntur Bayu Dwi Cahyo', 0, '', 0, '2024-09-24 20:43:49', 'PPIC', 1, 'meninggalkan kantor', '11:00', '2024-09-25', NULL, NULL, NULL, '', 'PINDAHAN BARANG DARI DFA KE BAR', 'MOBIL BOX BIRU', 'GUNTUR', '1', '1', 'VDB', NULL, NULL),
(495, '02201710085', 'WSN', 'Wahyu Sukma Nalibrata', 0, '', 0, '2024-09-24 20:45:45', 'PPIC', 1, 'meninggalkan kantor', '11:00', '2024-09-25', NULL, NULL, NULL, '', 'PINDAHAN BARANG DARI DFA KE BAR', 'MOBIL BOX BIRU', 'GUNTUR', '1', '1', 'VDB', NULL, NULL),
(496, '02201709010', 'RKI', 'Riska Kurniawati', 0, '', 0, '2024-09-24 20:46:37', 'Quality Control', 1, 'meninggalkan kantor', '08:00 - 10:00', '2024-09-25', NULL, NULL, NULL, '', 'Takziah QC', 'Motor', 'Winayu', '1', '1', 'DPA', NULL, NULL),
(497, '02202407001', 'ISR', 'Indah Safitri', 0, '', 0, '2024-09-24 20:49:44', 'Quality Control', 1, 'meninggalkan kantor', '08:00 - 10:00', '2024-09-25', NULL, NULL, NULL, '', 'Takziah QC', 'Motor', 'Sendiri', '1', '1', 'DPA', NULL, NULL),
(498, '02201507006', 'DYO', 'Daryanto', 0, '', 0, '2024-09-24 20:51:28', 'Quality Control', 1, 'meninggalkan kantor', '08:00 - 10:00', '2024-02-09', NULL, NULL, NULL, '', 'Melayat ke Bpk dr Dito ( QC )', 'MOBIL', 'DYO', '1', '1', 'DPA', NULL, NULL),
(499, '02202106001', 'WIO', 'Widiyono', 0, '', 0, '2024-09-24 20:52:05', 'PPIC', 1, 'meninggalkan kantor', '11:00', '2024-09-25', NULL, NULL, NULL, '', 'PINDAHAN BARANG DARI DFA KE BAR', 'MOBIL BOX BIRU', 'GUNTUR', '1', '1', 'VDB', NULL, NULL),
(500, '02201102001', 'MGD', 'Maria Gorreti Dwi Agusti Sunarwati', 0, '', 0, '2024-09-24 20:54:59', 'Quality Control', 1, 'meninggalkan kantor', '20:00 - 22:00', '2024-09-25', NULL, NULL, NULL, '', 'Melayat orang tua dari Ardito (karyawan QC)', 'Mobil', 'Daryanto', '1', '1', 'DPA', NULL, NULL),
(501, '02202105002', 'DPA', 'Dini Pisserela', 0, '', 0, '2024-09-24 20:55:53', 'Quality Control', 2, 'datang terlambat', '09:45', '2024-09-25', NULL, NULL, NULL, '', 'takziyah (ayah dari sdr. Ardito Wijayanto)', 'sepeda motor', 'pribadi', '1', '1', 'RPA', NULL, NULL),
(502, '02201708011', 'EPO', 'Eko Prasetyo', 0, '', 0, '2024-09-24 20:58:38', 'Quality Control', 1, 'meninggalkan kantor', '08:00 - 10:00', '2024-09-25', NULL, NULL, NULL, '', 'takziah', 'mobil', 'dyo', '1', '1', 'DPA', NULL, NULL),
(503, '02201207001', 'RPA', 'Y. Rizaqa Prema Arsyto', 0, '', 0, '2024-09-24 21:08:06', 'Quality Control', 3, 'meninggalkan kantor', '08:00 - 10:00', '2024-09-25', NULL, NULL, NULL, '', 'Takziyah (ayah dari sdr. Ardito Wijayanto)', 'Mobil kantor', 'Daryanto', '1', '1', 'HKO', NULL, NULL),
(504, '02201308001', 'HSO', 'Heri Suharto', 9, '2024', 1, '2024-09-24 21:18:19', 'HR & GA', 1, 'cuti', '', '2024-10-16', NULL, NULL, NULL, '2024-10-17', 'istirahat', NULL, NULL, '1', '1', 'AWK', '085728477419', 'kemudo'),
(505, '02202109003', 'AKN', 'Akik Kurniawan', 0, '', 0, '2024-09-24 21:28:04', 'Quality Control', 1, 'meninggalkan kantor', '08:15 - 10:00', '2024-09-25', NULL, NULL, NULL, '', 'Takziah', 'Mobil ', 'DYO', '1', '1', 'DPA', NULL, NULL),
(507, '02202111003', 'HEA', 'Hendra', 0, '', 0, '2024-09-24 21:43:39', 'Finance & Accounting', 3, 'meninggalkan kantor', '11:45 - 13:00', '2024-09-25', NULL, NULL, NULL, '', 'bank', 'pribadi', '', '1', '1', 'HKO', NULL, NULL),
(508, '02201212001', 'AWK', 'Albertus Widhi Kurniawan', 0, '', 0, '2024-09-24 21:46:47', 'HR & GA', 2, 'meninggalkan kantor', '00:00 - 13:00', '2024-09-25', NULL, NULL, NULL, '', 'tugas kantor', 'ab si', 'erli', '1', '1', 'OAL', NULL, NULL),
(509, '02201312001', 'OAL', 'Oki Anggoro Librian', 0, '', 0, '2024-09-24 21:48:01', 'HR & GA', 3, 'meninggalkan kantor', '12:00 - 13:30', '2024-09-25', NULL, NULL, NULL, '', 'Acara Kantor', 'B UFN', 'Driver Kantor', '1', '1', 'HKO', NULL, NULL),
(510, '02201209002', 'ESN', 'Erli Setyawan', 0, '', 0, '2024-09-24 21:48:57', 'HR & GA', 1, 'meninggalkan kantor', '00:00 - 13:00', '2024-09-25', NULL, NULL, NULL, '', 'tugas kantor', 'ab si', 'erli', '1', '1', 'AWK', NULL, NULL),
(511, '02200405001', 'AIA', 'Agustinus Istar Abadi', 0, '', 0, '2024-09-24 21:50:32', 'HR & GA', 1, 'meninggalkan kantor', '00:00 - 13:00', '2024-09-25', NULL, NULL, NULL, '', 'tugas kantor', 'b ufn', 'istar', '1', '1', 'OAL', NULL, NULL),
(513, '02201812001', 'ODP', 'Octaviani Darsanti Putri', 0, '', 0, '2024-09-24 22:03:41', 'HR & GA', 1, 'meninggalkan kantor', '12:00 - 13:00', '2024-09-25', NULL, NULL, NULL, '', 'Makan di luar', '-', '-', '1', '1', 'IAI', NULL, NULL),
(514, '02201705001', 'RKN', 'Rakijan', 0, '', 0, '2024-09-24 22:04:37', 'HR & GA', 2, 'meninggalkan kantor', '12:00 - 13:00', '2024-09-25', NULL, NULL, NULL, '', 'TUGAS KANTOR', '-', '-', '1', '1', 'OAL', NULL, NULL),
(515, '02202204001', 'GVW', 'Gandung Verdina Wibisono', 0, '', 0, '2024-09-24 22:07:32', 'HR & GA', 1, 'meninggalkan kantor', '12:00 - 13:00', '2024-09-25', NULL, NULL, NULL, '', 'Keperluan keluar', 'Mobil', '', '1', '1', 'RKN', NULL, NULL),
(516, '02201511001', 'YPO', 'Yayan Prihandono', 0, '', 0, '2024-09-24 22:08:36', 'Purchasing', 2, 'meninggalkan kantor', '12:07 - 14:07', '2024-09-25', NULL, NULL, NULL, '', 'Mencari Material', 'Kantor', '-', '1', '1', 'APO', NULL, NULL),
(517, '02201906010', 'HUU', 'Heny Uswatun', 4, '2024', 1, '2024-09-24 22:09:36', 'Production', 1, 'cuti', '', '2024-09-30', NULL, NULL, NULL, '2024-10-01', 'ISTIRAHAT DI RUMAH', NULL, NULL, '1', '0', 'KFY', '085600349097', 'Katik Sapen Manisrenggo Klaten'),
(518, '02202011007', 'BHO', 'Budi Hardianto', 7, '2024', 1, '2024-09-24 22:51:16', 'Production', 1, 'cuti', '', '2024-10-03', NULL, NULL, NULL, '2024-10-04', 'ACARA KELUARGA', NULL, NULL, '1', '0', 'KFY', '082124712587', 'GUMUL SEMBUNG WEDI KLATEN'),
(519, '02201309005', 'THI', 'Tika Handayani', 0, '', 0, '2024-09-24 23:05:40', 'Quality Control', 1, 'meninggalkan kantor', '08:15 - 10:00', '2024-09-25', NULL, NULL, NULL, '', 'Takziah ', 'sepeda motor', 'pribadi', '1', '1', 'DPA', NULL, NULL),
(520, '02201503001', 'DBT', 'Donna Bella Tjan', 0, '', 0, '2024-09-24 23:15:35', 'Finance & Accounting', 2, 'meninggalkan kantor', '12:00 - 13:00', '2024-09-25', NULL, NULL, NULL, '', 'keperluan pribadi ', '', '', '1', '1', 'HEA', NULL, NULL),
(521, '02201511001', 'YPO', 'Yayan Prihandono', 0, '', 0, '2024-09-24 23:18:49', 'Purchasing', 2, 'meninggalkan kantor', '14:00 - 16:00', '2024-09-24', NULL, NULL, NULL, '', 'Anak Sakit', 'Pribadi', '-', '1', '1', 'APO', NULL, NULL),
(522, '02201309003', 'PNI', 'Purnani', 0, '', 0, '2024-09-24 23:21:43', 'Quality Control', 1, 'pulang lebih awal', '14:00', '2024-09-25', NULL, NULL, NULL, '', 'Pribadi', 'mobil', 'sendiri', '1', '1', 'DPA', NULL, NULL),
(523, '02200405001', 'AIA', 'Agustinus Istar Abadi', 0, '', 0, '2024-09-24 23:34:52', 'HR & GA', 1, 'pulang lebih awal', '15:00', '2024-09-25', NULL, NULL, NULL, '', 'MEMBELI PERLENGKAPAN CAMPING \r\nUNTUK ANAK', 'PRIBADI', '.', '1', '1', 'AWK', NULL, NULL),
(524, '02202204001', 'GVW', 'Gandung Verdina Wibisono', 0, '', 0, '2024-09-24 23:36:34', 'HR & GA', 1, 'meninggalkan kantor', '14:00 - 16:00', '2024-09-25', NULL, NULL, NULL, '', 'Refill APAR di Plan 2 Jogonalan', 'Motor', '', '1', '1', 'RKN', NULL, NULL),
(525, '02201605004', 'SEP', 'Samuel Engkos Putra Hargyantara', 0, '', 0, '2024-09-24 23:46:56', 'Quality Control', 1, 'meninggalkan kantor', '07:30 - 09:00', '2024-09-25', NULL, NULL, NULL, '', 'LAYAT', 'MOTOR', 'PUTRA', '1', '1', 'DPA', NULL, NULL),
(526, '02200905001', 'MEG', 'Menik Giarni', 0, '', 0, '2024-09-25 00:19:57', 'PPIC', 1, 'datang terlambat', '10:14', '2024-09-25', NULL, NULL, NULL, '', 'Takziah tetangga', 'Sepeda motor', '', '1', '1', 'FNI', NULL, NULL),
(527, '02201209004', 'AAL', 'Aditya Agus Listyanto', 0, '', 0, '2024-09-25 00:25:08', 'Engineering', 1, 'datang terlambat', '11:06', '2024-09-25', NULL, NULL, NULL, '', 'Test kesehatan di puskesmas ( syarat KPPS )', 'Pribadi', 'Pribadi', '1', '1', 'ADI', NULL, NULL),
(528, '02201309002', 'FMI', 'Fitri Maryati', 0, '', 0, '2024-09-25 00:45:26', 'RND', 1, 'meninggalkan kantor', '12:00 - 12:30', '2024-09-25', NULL, NULL, NULL, '', 'Mengambil Pesenan', 'Motor', '', '1', '1', 'BAP', NULL, NULL),
(529, '02202004001', 'EDA', 'Erma Dewi Astiyanti', 0, '', 0, '2024-09-25 00:49:51', 'Quality Control', 1, 'meninggalkan kantor', '08:15 - 10:00', '2024-09-25', NULL, NULL, NULL, '', 'IZIN TAKZIAH', 'MOTOR', 'ERMA', '1', '1', 'NPI', NULL, NULL),
(530, '02201408008', 'WWO', 'Wahyu Wintoko', 0, '', 0, '2024-09-25 00:50:28', 'Quality Control', 1, 'datang terlambat', '10:00', '2024-09-25', NULL, NULL, NULL, '', 'TAKZIAH', 'SPM', 'SENDIRI', '1', '1', 'DPA', NULL, NULL),
(531, '02201309004', 'HAI', 'Herlambang Akbar Irana', 0, '', 0, '2024-09-25 00:53:06', 'Quality Control', 1, 'datang terlambat', '10:00', '2024-09-25', NULL, NULL, NULL, '', 'TAKZIAH', 'MOTOR', 'SENDIRI', '1', '1', 'DPA', NULL, NULL),
(532, '02201710114', 'XAS', 'Xalinda Amy Sepviana', 0, '', 0, '2024-09-25 01:12:40', 'Production', 1, 'sakit', '', '2024-09-23', NULL, NULL, NULL, '', '', '', '', '9', '0', 'JFT', NULL, NULL),
(533, '02201710114', 'XAS', 'Xalinda Amy Sepviana', 0, '', 0, '2024-09-25 01:13:12', 'Production', 1, 'sakit', '', '2024-09-23', '2024-09-24', NULL, NULL, '', 'sakit', '', '', '1', '1', 'JFT', NULL, NULL),
(534, '02202011006', 'RNA', 'Rahma Nur Amin', 5, '2024', 1, '2024-09-25 07:45:31', 'Production', 1, 'cuti', '', '2024-10-07', NULL, NULL, NULL, '2024-10-08', 'ACARA KELUARGA', NULL, NULL, '1', '0', 'JFT', '085700131375', 'MELIKAN,WEDI,KLATEN'),
(536, '02201507012', 'RAN', 'Rosyid Amrudin', 4, '2024', 1, '2024-09-25 17:21:17', 'PPIC', 1, 'cuti', '', '2024-09-30', NULL, NULL, NULL, '2024-10-01', 'Acara Keluarga', NULL, NULL, '1', '0', 'FNI', '085879760706', 'Glugo Rt.06 Panggungharjo, Sewon, Bantul'),
(537, '02202107004', 'YHI', 'Yahya Handayani', 0, '', 0, '2024-09-25 17:59:03', 'Production', 1, 'datang terlambat', '07:45', '2024-09-26', NULL, NULL, NULL, '', 'JAM MASUK 07.00 ,MENGANTAR ISTRI PERIKSA', 'MOTOR', 'SAYA SENDIRI', '1', '1', 'KFY', NULL, NULL),
(538, '02202207007', 'CDN', 'Christian Damar Nugroho', 0, '', 0, '2024-09-25 18:02:11', 'Production', 1, 'sakit', '', '2024-09-25', NULL, NULL, NULL, '', 'Sakit ', 'sepeda motor', 'pribadi', '1', '1', 'KFY', NULL, NULL),
(539, '02201408002', 'DAJ', 'Dedy Andi Jatmiko', 4, '2024', 1, '2024-09-25 18:03:54', 'PPIC', 1, 'cuti', '', '2024-09-23', NULL, NULL, NULL, '2024-09-24', 'MENGANTAR ANAK PERIKSA', NULL, NULL, '1', '0', 'VDB', '087821333889', 'GUPOLO CUCUKAN PRAMBANAN KLATEN'),
(540, '02202109003', 'AKN', 'Akik Kurniawan', 0, '', 0, '2024-09-25 18:03:58', 'Quality Control', 1, 'meninggalkan kantor', '08:15 - 08:25', '2024-09-26', NULL, NULL, NULL, '', 'Dari DFA 2 ke-DFA 1\r\n\r\n#Check Out di DFA 1', 'Motor', 'Pribadi', '1', '1', 'NPI', NULL, NULL),
(541, '02201107001', 'EYO', 'Eko Yunanto', 0, '', 0, '2024-09-25 18:05:06', 'PPIC', 1, 'meninggalkan kantor', '08:04', '2024-09-26', NULL, NULL, NULL, '', 'Mengambil barang ke pbu', 'Mobil Box', 'Eko yunanto', '1', '1', 'VDB', NULL, NULL),
(542, '02201311001', 'HPS', 'Heri Pamungkas', 0, '', 0, '2024-09-25 18:06:42', 'PPIC', 1, 'meninggalkan kantor', '10:00 - 12:00', '2024-09-26', NULL, NULL, NULL, '', 'MELAYAT', 'PRIBADI', 'HERI', '1', '1', 'VDB', NULL, NULL),
(543, '02202106001', 'WIO', 'Widiyono', 0, '', 0, '2024-09-25 18:07:19', 'PPIC', 1, 'meninggalkan kantor', '08:06', '2024-09-26', NULL, NULL, NULL, '', 'mENGAMBIL BARANG KE PBU', 'Mobil box', 'Eko yunanto', '1', '1', 'VDB', NULL, NULL),
(544, '02201408005', 'GTA', 'Gina Theresia', 8, '2024', 1, '2024-09-25 18:28:55', 'PPIC', 2, 'cuti', '', '2024-09-27', NULL, NULL, NULL, '2024-09-30', 'Keperluan keluarga', NULL, NULL, '0', '0', NULL, '0811836106', 'Perum Griya Kemudo Asri'),
(545, '02202107001', 'MEI', 'Merywati', 6, '2024', 1, '2024-09-25 18:40:31', 'PPIC Plant-2', 3, 'cuti', '', '2024-10-07', NULL, NULL, NULL, '2024-10-08', 'Acara Keluarga', NULL, NULL, '1', '1', 'HKO', '085216005954', 'Kalasan, Tamanmartani, Yogyakarta'),
(546, '02202311003', 'HMM', 'Hesty Masya Mukti', 0, '', 0, '2024-09-25 21:11:52', 'Quality Control', 1, 'tidak hadir', 'Pernikahan Karyawan', '2024-10-07', '2024-10-09', NULL, NULL, '', 'menikah', '-', '-', '1', '1', 'NPI', NULL, NULL),
(548, '02201708008', 'DDW', 'Dani Dwi Wahyudi', 0, '', 0, '2024-09-25 21:24:32', 'Engineering', 1, 'pulang lebih awal', '12:00', '2024-09-26', NULL, NULL, NULL, '', 'periksa anak ke dokter', 'pribadi', 'pribadi', '1', '1', 'ADI', NULL, NULL),
(549, '02201603004', 'SMA', 'Septina Maulida', 0, '', 0, '2024-09-25 23:16:34', 'RND', 1, 'pulang lebih awal', '14:00', '2024-09-26', NULL, NULL, NULL, '', 'jemput anak', 'motor', 'septina', '1', '1', 'BAP', NULL, NULL),
(552, '02202311003', 'HMM', 'Hesty Masya Mukti', 0, '', 0, '2024-09-26 00:06:32', 'Quality Control', 1, 'izin lain-lain', '', '2024-10-07', '2024-10-09', NULL, NULL, '', 'menikah', '', '', '9', '0', 'NPI', NULL, NULL),
(553, '02202311003', 'HMM', 'Hesty Masya Mukti', 0, '', 0, '2024-09-26 00:07:20', 'Quality Control', 1, 'izin lain-lain', '', '2024-10-10', '2024-10-11', NULL, NULL, '', 'menikah', '', '', '1', '1', 'NPI', NULL, NULL),
(554, '02202103001', 'AAO', 'Ade Arfianto', 6, '2024', 1, '2024-09-26 00:55:48', 'Quality Control', 1, 'cuti', '', '2024-09-30', NULL, NULL, NULL, '2024-10-01', 'ISTIRAHAT DI RUMAH', NULL, NULL, '1', '0', 'NPI', '089674140407', 'PURBAYAN, KOTAGEDE, YOGYAKARTA'),
(555, '02202011012', 'NFR', 'Nur Hayati Fitri Rahayu ', 0, '', 0, '2024-09-26 06:29:04', 'Production', 1, 'pulang lebih awal', '09:00', '2024-09-26', NULL, NULL, NULL, '', 'Anak sakit \r\n\r\n( masuk jam 15.00 )', '', '', '1', '1', 'IBI', NULL, NULL),
(556, '02201408009', 'JWO', 'Joko Wahono', 0, '', 0, '2024-09-26 17:12:41', 'Quality Control', 1, 'sakit', '', '2024-09-23', NULL, NULL, NULL, '', 'SAKIT (Streptococcal pharyngitis)', 'motor', 'sendiri', '0', '0', NULL, NULL, NULL),
(557, '02201408008', 'WWO', 'Wahyu Wintoko', 7, '2024', 1, '2024-09-26 17:21:04', 'Quality Control', 1, 'cuti', '', '2024-10-03', NULL, NULL, NULL, '2024-10-04', 'keperluan pribadi', NULL, NULL, '1', '0', 'DPA', '0817468884', 'sewon bantul'),
(558, '02202208010', 'SAA', 'Surya Adhitya', 5, '2024', 1, '2024-09-26 17:28:55', 'Production', 1, 'cuti', '', '2024-09-26', NULL, NULL, NULL, '2024-09-27', 'SAKIT', NULL, NULL, '1', '0', 'KFY', '089618740272', 'SANGGRAHAN,PRAMBANGAN,KLATEN'),
(559, '02201508003', 'EAS', 'Eko Ari Susilo', 0, '', 0, '2024-09-26 17:35:04', 'Production', 1, 'pulang lebih awal', '13:00', '2024-09-27', NULL, NULL, NULL, '', 'MELAYAT TETANGGA DEPAN RUMAH', 'MOTOR', 'SENDIRI', '1', '1', 'KFY', NULL, NULL),
(560, '02201510001', 'NYP', 'Nobert Yulius Polimpung', 2, '2024', 2, '2024-09-26 18:08:24', 'Finance & Accounting', 1, 'cuti', '', '2024-09-25', '2024-09-26', NULL, '', '2024-09-27', 'Orang Tua kecelakaan masuk Rumah Sakit', NULL, NULL, '1', '1', 'HEA', '081225342301', 'Tegalrejo salatiga'),
(561, '02202106001', 'WIO', 'Widiyono', 0, '', 0, '2024-09-26 18:17:18', 'PPIC', 1, 'meninggalkan kantor', '08:30', '2024-09-27', NULL, NULL, NULL, '', 'SERVICE MOBIL BOX BIRU', 'MOBIL BOX BIRU', 'WIDIYONO', '1', '1', 'VDB', NULL, NULL),
(562, '02201004001', 'NPS', 'Nurma Purwaningtyas', 0, '', 0, '2024-09-26 18:23:54', 'Quality Control', 1, 'sakit', '', '2024-09-25', NULL, NULL, NULL, '', 'sakit', '-', '-', '1', '1', 'DPA', NULL, NULL),
(563, '02201004001', 'NPS', 'Nurma Purwaningtyas', 5, '2024', 1, '2024-09-26 18:25:28', 'Quality Control', 1, 'cuti', '', '2024-09-26', NULL, NULL, NULL, '2024-09-27', 'sakit', NULL, NULL, '1', '0', 'DPA', '085642174842', 'Ngemplak Kulon RT 01 RW 05 Dukuh ,Delanggu'),
(564, '02201410001', 'ISO', 'Idi Santosa', 0, '', 0, '2024-09-26 18:33:47', 'HR & GA', 1, 'meninggalkan kantor', '08:33', '2024-09-27', NULL, NULL, NULL, '', 'nbs, Jakal', 'ab si', 'idi santoso', '1', '1', 'IAI', NULL, NULL),
(565, '02201209002', 'ESN', 'Erli Setyawan', 0, '', 0, '2024-09-26 18:35:09', 'HR & GA', 1, 'meninggalkan kantor', '08:34', '2024-09-27', NULL, NULL, NULL, '', 'BENGKEL, MCL', 'AB SI', 'IDI SANTOSA', '1', '1', 'IAI', NULL, NULL),
(566, '02201709011', 'REA', 'Rhama Eka Aditya', 0, '', 0, '2024-09-26 18:51:24', 'PPIC', 1, 'datang terlambat', '08:45', '2024-09-27', NULL, NULL, NULL, '', 'KE BANK', 'SEPEDA MOTOR', '-', '1', '0', 'GTA', NULL, NULL),
(567, '02202105002', 'DPA', 'Dini Pisserela', 5, '2024', 1, '2024-09-26 19:00:27', 'Quality Control', 2, 'cuti', '', '2024-09-26', NULL, NULL, NULL, '2024-09-27', 'keperluan pribadi', NULL, NULL, '1', '0', 'RPA', '089529115240', 'wirobrajan, Yk'),
(568, '02201212001', 'AWK', 'Albertus Widhi Kurniawan', 0, '', 0, '2024-09-26 19:35:35', 'HR & GA', 2, 'meninggalkan kantor', '09:30 - 11:00', '2024-09-27', NULL, NULL, NULL, '', 'plant2', 'luxio', 'lik sur', '1', '1', 'OAL', NULL, NULL),
(569, '02201704001', 'RSO', 'Ratri Suprapto', 0, '', 0, '2024-09-26 19:37:29', 'HR & GA', 1, 'meninggalkan kantor', '10:35 - 11:00', '2024-09-27', NULL, NULL, NULL, '', 'Ke Plant 2', '-', '-', '1', '1', 'AWK', NULL, NULL),
(570, '02201711007', 'ISI', 'Iswahyudi', 0, '', 0, '2024-09-26 19:37:50', 'HR & GA', 1, 'meninggalkan kantor', '09:30 - 11:00', '2024-09-27', NULL, NULL, NULL, '', 'plant2', 'luxio', 'lik sur', '1', '1', 'AWK', NULL, NULL),
(571, '02201711008', 'MAN', 'Marsono', 0, '', 0, '2024-09-26 19:38:49', 'HR & GA', 1, 'meninggalkan kantor', '09:30 - 11:00', '2024-09-27', NULL, NULL, NULL, '', 'plant2', 'luxio', 'lik sur', '1', '1', 'AWK', NULL, NULL),
(572, '02202407005', 'STO', 'Suryanto', 0, '', 0, '2024-09-26 19:40:01', 'HR & GA', 1, 'meninggalkan kantor', '09:30 - 11:00', '2024-09-27', NULL, NULL, NULL, '', 'plant2', 'luxio', 'lik sur', '1', '1', 'AWK', NULL, NULL),
(573, '02201605004', 'SEP', 'Samuel Engkos Putra Hargyantara', 0, '', 0, '2024-09-26 19:41:38', 'Quality Control', 1, 'pulang lebih awal', '13:00', '2024-09-27', NULL, NULL, NULL, '', 'antar keluarga ke bandara', '-', 'pribadi', '1', '1', 'DPA', NULL, NULL),
(574, '02201812002', 'DKA', 'Deandra Kusuma Ariefka', 0, '', 0, '2024-09-26 19:42:25', 'HR & GA', 1, 'meninggalkan kantor', '10:00 - 11:41', '2024-09-27', NULL, NULL, NULL, '', 'Ke Plant 2', 'Operasional', '-', '1', '1', 'OAL', NULL, NULL),
(575, '02201711039', 'TTO', 'Toto Tranoko', 0, '', 0, '2024-09-26 19:56:07', 'Production', 1, 'datang terlambat', '09:45', '2024-09-27', NULL, NULL, NULL, '', 'MENGANTAR IBU KE RS', '', '', '1', '1', 'KFY', NULL, NULL),
(576, '02201102001', 'MGD', 'Maria Gorreti Dwi Agusti Sunarwati', 7, '2024', 1, '2024-09-26 20:13:59', 'Quality Control', 1, 'cuti', '', '2024-10-07', NULL, NULL, NULL, '2024-10-08', 'Pribadi', NULL, NULL, '1', '0', 'DPA', '08562862425', 'Krajan RT 06 RW 05, Tirtomartani, Kalasan, Sleman, Yogyakarta 55571'),
(577, '02201610002', 'JSN', 'Juli Setyawan', 0, '', 0, '2024-09-26 20:45:14', 'PPIC', 1, 'pulang lebih awal', '13:00', '2024-09-27', NULL, NULL, NULL, '', 'Ke kantor kecamatan', 'motor', '', '1', '1', 'FNI', NULL, NULL),
(578, '02201601001', 'SKY', 'Setyawan Kusuma Yuda', 0, '', 0, '2024-09-26 21:00:15', 'PPIC', 1, 'pulang lebih awal', '13:30', '2024-09-27', NULL, NULL, NULL, '', 'Ke BPR Natasha', '', '', '1', '1', 'FNI', NULL, NULL),
(579, '02201708011', 'EPO', 'Eko Prasetyo', 6, '2024', 1, '2024-09-26 21:10:23', 'Quality Control', 1, 'cuti', '', '2024-09-30', NULL, NULL, NULL, '2024-10-01', 'ISTIRAHAT DIRUMAH', NULL, NULL, '1', '0', 'DPA', '082324354561', 'JUWANGI,BOYOLALI'),
(580, '02201709019', 'SHN', 'Suhono', 0, '', 0, '2024-09-26 23:05:56', 'PPIC', 1, 'pulang lebih awal', '13:00', '2024-09-27', NULL, NULL, NULL, '', 'MENGANTAR KETERMINAL', 'PRIBADI', 'PRIBADI', '1', '0', 'GTA', NULL, NULL),
(581, '02201710008', 'FEH', 'Fajar Eko Hermawan', 0, '', 0, '2024-09-26 23:16:45', 'Production', 1, 'pulang lebih awal', '14:00', '2024-09-27', NULL, NULL, NULL, '', 'Mengantar anak periksa', 'sepada motor', 'pribadi', '1', '1', 'KFY', NULL, NULL),
(582, '02201209003', 'MAO', 'Mardianto', 0, '', 0, '2024-09-26 23:50:36', 'PPIC', 1, 'pulang lebih awal', '14:00', '2024-09-27', NULL, NULL, NULL, '', 'ANTAR KONTROL ORANG TUA', 'PRIBADI', 'PRIBADI', '1', '0', 'GTA', NULL, NULL),
(583, '02200701001', 'EST', 'Esther Sasmita', 6, '2024', 1, '2024-09-26 23:54:39', 'RND', 2, 'cuti', '', '2024-10-04', NULL, NULL, NULL, '2024-10-07', 'acara keluarga', NULL, NULL, '0', '0', NULL, '08562921354', 'Pogung Baru G/7 Yogyakarta'),
(584, '02201303001', 'SPH', 'Stefani Putri Harsanto', 0, '', 0, '2024-09-27 00:54:44', 'RND', 2, 'datang terlambat', '09:36', '2024-09-27', NULL, NULL, NULL, '', 'acara sekolah anak', 'pribadi', '', '0', '0', NULL, NULL, NULL),
(585, '02201607002', 'TAD', 'Thomas Anggun Dian Prakoso', 1, '2024', 1, '2024-09-27 02:11:29', 'RND', 2, 'cuti', '', '2024-09-30', NULL, NULL, NULL, '2024-10-01', 'Keperluan pribadi', NULL, NULL, '0', '0', NULL, '087839007871', 'Tulip Garden Resaidence, Lusah, Jogonalan, Klaten'),
(587, '02202107003', 'SUA', 'Supriyanto', 6, '2024', 2, '2024-09-27 04:33:50', 'Production', 1, 'cuti', '', '2024-11-27', '2024-11-28', NULL, '', '2024-11-29', 'ANGGOTA KPPS', NULL, NULL, '1', '0', 'JFT', '082136945910', 'GASWANGI,JABUNG,GANTIWARNO,KLATEN'),
(588, '02202001002', 'SMR', 'Sri Makmur', 3, '2024', 1, '2024-09-29 17:14:38', 'Production', 1, 'cuti', '', '2024-09-27', NULL, NULL, NULL, '2024-09-30', 'KEPERLUAN KELUARGA', NULL, NULL, '1', '0', 'JFT', '088227328050', 'JETIS RT 05 RW 02 JATINOM KLATEN'),
(589, '02202001002', 'SMR', 'Sri Makmur', 2, '2024', 1, '2024-09-29 17:19:43', 'Production', 1, 'cuti', '', '2024-10-11', NULL, NULL, NULL, '2024-10-14', 'KEPERLUAN KELUARGA', NULL, NULL, '1', '0', 'JFT', '088227328050', 'JETIS RT 05 RW 02 JATINOM KLATEN'),
(591, '02201910003', 'PUA', 'Purdaka', 0, '', 0, '2024-09-29 17:22:36', 'PPIC', 1, 'pulang lebih awal', '12:00', '2024-09-30', NULL, NULL, NULL, '', 'MENGANTAR BAPAK KONTROL KE RS', 'SEPEDA MOTOR', 'SAYA SENDIRI', '1', '0', 'FNI', NULL, NULL),
(592, '02201411002', 'AFW', 'Aditya Feri Wardani', 7, '2024', 1, '2024-09-29 17:39:54', 'Production', 1, 'cuti', '', '2024-10-11', NULL, NULL, NULL, '2024-10-14', 'ACARA KELUARGA', NULL, NULL, '0', '0', NULL, '0895392760007', 'Tamanmartani, Kalasa, Sleman'),
(593, '02201709020', 'HSN', 'Heri Setiawan', 0, '', 0, '2024-09-29 18:26:05', 'PPIC', 1, 'meninggalkan kantor', '08:25', '2024-09-30', NULL, NULL, NULL, '', 'MENGAMBIL MOBIL BOX DI BENGKEL', '-', '-', '1', '1', 'VDB', NULL, NULL),
(594, '02201912004', 'DKO', 'Dhoni Kuswanto', 0, '', 0, '2024-09-29 18:38:35', 'PPIC', 1, 'datang terlambat', '08:26', '2024-09-30', NULL, NULL, NULL, '', 'BAN MOTOR BOCOR', 'MOTOR', 'DHONI', '1', '1', 'GTA', NULL, NULL),
(595, '02202112001', 'DMY', 'Dwi Muhammad Yusuf', 7, '2024', 1, '2024-09-29 18:47:32', 'Quality Control', 1, 'cuti', '', '2024-10-07', NULL, NULL, NULL, '2024-10-08', 'Istirahat dirumah', NULL, NULL, '1', '0', 'TWI', '0895363161899', 'Trayeman RT. 02, Pleret, Pleret, Bantul, Yogyakarta'),
(596, '02201211005', 'SUT', 'Suranto', 9, '2024', 2, '2024-09-29 18:50:19', 'HR & GA', 1, 'cuti', '', '2024-10-07', '2024-10-08', NULL, '', '2024-10-09', 'istirahat', NULL, NULL, '1', '0', 'AWK', '085643393856', 'kemudo'),
(597, '02201211002', 'ATO', 'Andri Triyanto', 6, '2024', 2, '2024-09-29 18:52:14', 'HR & GA', 1, 'cuti', '', '2024-10-07', '2024-10-08', NULL, '', '2024-10-09', 'istirahat', NULL, NULL, '1', '0', 'AWK', '085641514527', 'kemudo'),
(598, '02201708010', 'PIW', 'Pursangkara Indriya Wicaksana', 0, '', 0, '2024-09-29 18:53:53', 'PPIC', 1, 'datang terlambat', '08:46', '2024-09-30', NULL, NULL, NULL, '', 'KE DUKCAPIL', 'SEPEDA MOTOR', 'PURSANGKARA', '1', '1', 'VDB', NULL, NULL),
(599, '02201709048', 'DCP', 'Dimas Cahyo Pratomo', 0, '', 0, '2024-09-29 18:57:10', 'Quality Control', 1, 'pulang lebih awal', '12:30', '2024-09-30', NULL, NULL, NULL, '', 'Takziah (ada tetangga yang meninggal)', 'sepeda motor', 'pribadi', '1', '1', 'DPA', NULL, NULL),
(600, '02200405001', 'AIA', 'Agustinus Istar Abadi', 0, '', 0, '2024-09-29 18:58:47', 'HR & GA', 1, 'meninggalkan kantor', '09:00 - 12:00', '2024-09-30', NULL, NULL, NULL, '', 'antar dokumen', 'UFN', 'ISTAR', '1', '1', 'AWK', NULL, NULL),
(601, '02201410001', 'ISO', 'Idi Santosa', 0, '', 0, '2024-09-29 19:12:28', 'HR & GA', 1, 'meninggalkan kantor', '09:00 - 12:00', '2024-09-30', NULL, NULL, NULL, '', 'antar dokumen', 'ufn', 'istar', '1', '1', 'AWK', NULL, NULL),
(602, '02201711011', 'AWO', 'Ardito Wijayanto', 0, '', 0, '2024-09-30 10:17:53', 'Quality Control', 1, 'tidak hadir', 'Kematian Suami/Istri Ortu/Mertua Karyawan', '2024-09-25', '2024-09-26', NULL, NULL, '', 'Mengurus pemakaman', '', '', '1', '1', 'DPA', NULL, NULL),
(603, '02201711011', 'AWO', 'Ardito Wijayanto', 3, '2024', 1, '2024-09-30 10:21:43', 'Quality Control', 1, 'cuti', '', '2024-09-27', NULL, NULL, NULL, '2024-09-30', 'mengurus pemakaman', NULL, NULL, '1', '0', 'DPA', '087887606212', 'ngampon rt 01, sitimulyo, piyungan, bantul'),
(604, '02201608002', 'SHS', 'Sidiq Heri Sulistyo', 6, '2024', 1, '2024-09-30 10:35:13', 'Quality Control', 1, 'cuti', '', '2024-10-03', NULL, NULL, NULL, '2024-10-04', 'Keperluan pribadi', NULL, NULL, '1', '0', 'DPA', '085729199466', 'Gondosari, Sitimulyo, Piyungan, Bantul'),
(605, '02201311001', 'HPS', 'Heri Pamungkas', 0, '', 0, '2024-09-30 11:02:42', 'PPIC', 1, 'meninggalkan kantor', '11:00', '2024-09-30', NULL, NULL, NULL, '', 'ke gudang bar', 'mobil bok biru', 'heri p', '1', '1', 'VDB', NULL, NULL),
(606, '02201408002', 'DAJ', 'Dedy Andi Jatmiko', 0, '', 0, '2024-09-30 11:04:07', 'PPIC', 1, 'meninggalkan kantor', '11:00', '2024-09-30', NULL, NULL, NULL, '', 'KE GUDANG BAR', 'MOBIL BOX BIRU', 'HERI P', '1', '1', 'VDB', NULL, NULL),
(607, '02202106001', 'WIO', 'Widiyono', 0, '', 0, '2024-09-30 11:05:03', 'PPIC', 1, 'meninggalkan kantor', '11:00', '2024-09-30', NULL, NULL, NULL, '', 'KE GUDANG BAR', 'MOBIL BOX', 'HERI P', '1', '1', 'VDB', NULL, NULL),
(608, '02201710085', 'WSN', 'Wahyu Sukma Nalibrata', 0, '', 0, '2024-09-30 11:06:01', 'PPIC', 1, 'meninggalkan kantor', '11:00', '2024-09-30', NULL, NULL, NULL, '', 'KE GUDANG BAR', 'MOBIL BOX', 'HERI P', '1', '1', 'VDB', NULL, NULL),
(611, '02201405004', 'ANS', 'Agus Nugraha Setyabudi', 5, '2024', 1, '2024-09-30 11:48:42', 'HR & GA', 1, 'cuti', '', '2024-10-07', NULL, NULL, NULL, '2024-10-08', 'istirahat', NULL, NULL, '1', '0', 'AWK', '081229498277', 'sanggrahan'),
(612, '02201408010', 'SII', 'Sihandani', 6, '2024', 1, '2024-09-30 11:51:05', 'HR & GA', 1, 'cuti', '', '2024-10-04', NULL, NULL, NULL, '2024-10-07', 'istirahat', NULL, NULL, '1', '0', 'AWK', '085729700967', 'sanggrahan'),
(613, '02202007001', 'JFT', 'Jihan Fataa Tsabitul Furqon', 0, '', 0, '2024-09-30 12:27:58', 'Production', 2, 'pulang lebih awal', '13:00', '2024-09-30', NULL, NULL, NULL, '', 'Sakit, rencana periksa (masuk 07.00).\r\nAnak sakit, rencana periksa.', 'Motor', 'Jihan', '1', '1', 'SHI', NULL, NULL),
(614, '02201711027', 'NES', 'Novia Eko Suhartanti', 4, '2024', 1, '2024-09-30 13:11:38', 'RND', 1, 'cuti', '', '2024-10-01', NULL, NULL, NULL, '2024-10-02', 'Keperluan Keluarga', NULL, NULL, '0', '0', NULL, '085643449909', 'Krajan, Jomboran, Klaten Tengah, Klaten'),
(615, '02201710008', 'FEH', 'Fajar Eko Hermawan', 2, '2024', 1, '2024-09-30 13:50:27', 'Production', 1, 'cuti', '', '2024-10-02', NULL, NULL, NULL, '2024-10-03', 'ACARA KELUARGA', NULL, NULL, '0', '0', NULL, '089524187750', 'BANYUAENG KARANGNONGKO KLATEN'),
(616, '02201308002', 'SUD', 'Sumardi', 2, '2024', 1, '2024-09-30 14:18:23', 'Engineering', 1, 'cuti', '', '2024-09-27', NULL, NULL, NULL, '2024-09-30', 'KELUARGA', NULL, NULL, '0', '0', NULL, '082141394432', 'KALIAJIR LOR,RT 05/RW 12,KALITIRTO,BERBAH,SLEMAN'),
(617, '02201710080', 'SUI', 'Suhaeidi', 1, '2024', 1, '2024-09-30 15:12:08', 'PPIC', 1, 'cuti', '', '2024-10-03', NULL, NULL, NULL, '2024-10-04', 'ACARA KELUARGA', NULL, NULL, '0', '0', NULL, '-', 'BONOROTO NANGSRI MANISRENGGO'),
(618, '02202409002', 'TAA', 'Taufik Atmafitantra', 0, '', 0, '2024-09-30 15:32:21', 'Purchasing', 1, 'sakit', '', '2024-09-25', '2024-09-27', NULL, NULL, '', 'mengalami sakit radang tenggorokan, batuk, pilek, dan flu serta tidak enak badan sehingga tidak dapat hadir bekerja pada tanggal yang disebutkan', 'sepeda motor', 'sendiri', '0', '0', NULL, NULL, NULL),
(619, '02201507004', 'APS', 'Agung Pamungkas', 1, '2024', 1, '2024-09-30 15:48:49', 'Quality Control', 1, 'cuti', '', '2024-09-27', NULL, NULL, NULL, '2024-09-30', 'PERIKSA ANAK SAKIT', NULL, NULL, '0', '0', NULL, '089673478845', 'PILAHAN KG 1 NO 701 , KOTAGEDE , YOGYAKARTA'),
(620, '02201906012', 'DNA', 'Desy Novita Permadani', 5, '2024', 1, '2024-09-30 19:40:23', 'Production', 1, 'cuti', '', '2024-10-07', NULL, NULL, NULL, '2024-10-08', 'KEPERLUAN KELUARGA', NULL, NULL, '1', '0', 'KFY', '082257664487', 'Miren, RT 001 / RW 001, Pluneng, Kebonarum, Klaten'),
(621, '02201709003', 'EPM', 'Eko Purnomo', 0, '', 0, '2024-09-30 19:56:37', 'Production', 1, 'pulang lebih awal', '21:00', '2024-09-30', NULL, NULL, NULL, '', 'Sakit Batuk, Pusing, Tenggorokan Sakit, Mual', 'sepeda motor', 'saya sendiri', '1', '1', 'KFY', NULL, NULL),
(622, '02201408004', 'EAD', 'Endar Afrili Damara Dwi Sanjaya', 0, '', 0, '2024-10-01 07:21:40', 'PPIC', 1, 'pulang lebih awal', '13:00', '2024-10-01', NULL, NULL, NULL, '', 'persiapan ibadah Rosario di rumah', '', '', '1', '1', 'FNI', NULL, NULL),
(623, '02202301013', 'TAT', 'Tika Ambarwati', 4, '2024', 1, '2024-10-01 07:28:02', 'Production', 1, 'cuti', '', '2024-09-30', NULL, NULL, NULL, '2024-10-01', 'Budhe meninggal', NULL, NULL, '0', '0', NULL, '085801026163', 'Sidokerso randusari prambanan klaten'),
(624, '02200905001', 'MEG', 'Menik Giarni', 6, '2024', 1, '2024-10-01 07:29:31', 'PPIC', 1, 'cuti', '', '2024-10-02', NULL, NULL, NULL, '2024-10-03', 'Acara Keluarga', NULL, NULL, '1', '0', 'FNI', '085640153220', 'Ngemplak asem,umbulmartani,sleman'),
(625, '02201410001', 'ISO', 'Idi Santosa', 0, '', 0, '2024-10-01 08:12:49', 'HR & GA', 1, 'meninggalkan kantor', '08:30 - 12:00', '2024-10-01', NULL, NULL, NULL, '', 'antar dokumen', 'ab si', 'idi', '1', '1', 'AWK', NULL, NULL),
(626, '02201209002', 'ESN', 'Erli Setyawan', 0, '', 0, '2024-10-01 08:32:36', 'HR & GA', 1, 'meninggalkan kantor', '09:30 - 00:00', '2024-10-01', NULL, NULL, NULL, '', 'nbs', 'B UFN', 'erli', '1', '1', 'AWK', NULL, NULL),
(627, '02201312001', 'OAL', 'Oki Anggoro Librian', 0, '', 0, '2024-10-01 08:35:17', 'HR & GA', 3, 'meninggalkan kantor', '09:30 - 00:00', '2024-10-01', NULL, NULL, NULL, '', 'nbs', 'b ufn', 'erli', '1', '1', 'HKO', NULL, NULL),
(628, '02201507013', 'SWM', 'Shintya Wedha Maharani', 6, '2024', 1, '2024-10-01 08:41:01', 'Production', 2, 'cuti', '', '2024-10-02', NULL, NULL, NULL, '2024-10-03', 'acara sekolah anak', NULL, NULL, '1', '0', 'SHI', '087834648713', 'Cingkrikan, Kepurun, Manisrenggo, Klaten'),
(629, '02201310006', 'DPS', 'Dina Purnama Sari', 0, '', 0, '2024-10-01 09:02:32', 'Quality Control', 1, 'pulang lebih awal', '13:00', '2024-10-01', NULL, NULL, NULL, '', 'PERSIAPAN IBADAH ROSARIO', 'MOTOR', 'SENDIRI', '0', '0', NULL, NULL, NULL),
(630, '02201004001', 'NPS', 'Nurma Purwaningtyas', 0, '', 0, '2024-10-01 09:02:41', 'Quality Control', 1, 'sakit', '', '2024-09-30', NULL, NULL, NULL, '', 'sakit', '', '', '0', '0', NULL, NULL, NULL),
(631, '02201910001', 'PWI', 'Putri Wulandari', 0, '', 0, '2024-10-01 09:10:58', 'PBF', 3, 'pulang lebih awal', '14:00', '2024-10-01', NULL, NULL, NULL, '', 'ACARA GEREJA', 'PRIBADI', 'PRIBADI', '1', '1', 'HKO', NULL, NULL),
(632, '02201404001', 'FNI', 'Florentina Noviani', 2, '2024', 1, '2024-10-01 09:21:53', 'PPIC', 2, 'cuti', '', '2024-09-30', NULL, NULL, NULL, '2024-10-01', 'anak tidak ada yang menjaga', NULL, NULL, '0', '0', NULL, '081511044487', 'Sleman , Yogyakarta'),
(633, '02201710015', 'NSO', 'Nurdin Susanto', 0, '', 0, '2024-10-01 09:29:22', 'PPIC', 1, 'datang terlambat', '07:13', '2024-01-10', NULL, NULL, NULL, '', 'sepeda rusak', 'sepeda', 'nurdin susanto', '1', '1', 'FNI', NULL, NULL),
(634, '02201710015', 'NSO', 'Nurdin Susanto', 3, '2024', 1, '2024-10-01 09:33:00', 'PPIC', 1, 'cuti', '', '2024-10-14', NULL, NULL, NULL, '2024-10-15', 'acara keluarga (pengajian)', NULL, NULL, '1', '0', 'FNI', '085700623014', 'rt.10/rw.05 wirosari , somopuro, jogonalan , klaten'),
(635, '02202306001', 'AKK', 'Akhirani Kartika Krisnamukti', 0, '', 0, '2024-10-01 09:47:02', 'PPIC', 1, 'pulang lebih awal', '12:00', '2024-10-01', NULL, NULL, NULL, '', 'Takziah', 'Pribadi', '', '1', '1', 'GTA', NULL, NULL),
(636, '02200704001', 'YAI', 'Yanuri', 0, '', 0, '2024-10-01 10:09:52', 'RND', 1, 'pulang lebih awal', '13:00', '2024-10-01', NULL, NULL, NULL, '', 'Acara Keluarga', 'Motor', '', '1', '1', 'SPH', NULL, NULL),
(637, '02202107001', 'MEI', 'Merywati', 0, '', 0, '2024-10-01 10:53:23', 'PPIC Plant-2', 3, 'datang terlambat', '08:30', '2024-10-01', NULL, NULL, NULL, '', 'Ke DFA Plant 2 untuk tarik dan distribusi dokumen, Cek RM', 'Motor', 'Sendiri', '0', '0', NULL, NULL, NULL),
(638, '02201709013', 'LGN', 'Lantip Gunawan', 0, '', 0, '2024-10-01 11:00:53', 'PPIC', 1, 'pulang lebih awal', '01:15', '2024-10-01', NULL, NULL, NULL, '', 'KE BANK NATASHA', 'MOBIL', 'LANTIP', '1', '1', 'GTA', NULL, NULL),
(639, '02202111003', 'HEA', 'Hendra', 7, '2024', 1, '2024-10-01 11:06:18', 'Finance & Accounting', 3, 'cuti', '', '2024-10-28', NULL, NULL, NULL, '2024-10-29', 'keluarga', NULL, NULL, '0', '0', NULL, '081936144xxx', 'yogyakarta'),
(640, '02201311001', 'HPS', 'Heri Pamungkas', 0, '', 0, '2024-10-01 11:06:26', 'PPIC', 1, 'meninggalkan kantor', '12:00', '2024-10-01', NULL, NULL, NULL, '', 'KE DFA 02', 'MOBIL BOX', 'HERI', '0', '0', NULL, NULL, NULL),
(641, '02201408002', 'DAJ', 'Dedy Andi Jatmiko', 0, '', 0, '2024-10-01 11:07:13', 'PPIC', 1, 'meninggalkan kantor', '12:00', '2024-10-01', NULL, NULL, NULL, '', 'KE DFA PLANT 2', 'MOBIL BOX', 'HERI', '0', '0', NULL, NULL, NULL),
(642, '02201709046', 'ASA', 'Andri Setiawan', 0, '', 0, '2024-10-01 11:08:00', 'PPIC', 1, 'meninggalkan kantor', '12:00', '2024-10-01', NULL, NULL, NULL, '', 'KE DFA PLANT 2', 'MOBIL BOX', 'HERI', '0', '0', NULL, NULL, NULL),
(643, '02201710085', 'WSN', 'Wahyu Sukma Nalibrata', 0, '', 0, '2024-10-01 11:08:43', 'PPIC', 1, 'meninggalkan kantor', '12:00', '2024-10-01', NULL, NULL, NULL, '', 'KE DFA PLANT 2', 'MOBIL BOX', 'HERI', '0', '0', NULL, NULL, NULL);
INSERT INTO `surat_izin` (`id_izin`, `nik`, `inisial`, `nama`, `sisa_cuti`, `periode_cuti`, `total_cuti`, `tanggal_dibuat`, `departemen`, `level`, `alasan_izin`, `sub_alasan`, `izin_awal`, `izin_akhir`, `izin_awal2`, `izin_akhir2`, `tgl_masuk_kerja`, `keterangan`, `kendaraan`, `pengemudi`, `approval1`, `approval2`, `atasan`, `telp`, `alamat`) VALUES
(644, '02201712044', 'DAW', 'Devi Ayu Wulandari', 0, '', 0, '2024-10-01 11:59:32', 'PPIC', 1, 'pulang lebih awal', '13:30', '2024-10-01', NULL, NULL, NULL, '', 'Ke Rumah Sakit', 'Motor', '', '1', '1', 'GTA', NULL, NULL),
(645, '02202011017', 'FSA', 'Fanni Saputra', 0, '', 0, '2024-10-01 11:59:42', 'PPIC', 1, 'pulang lebih awal', '13:00', '2024-10-01', NULL, NULL, NULL, '', 'ANTAR KONTROL', 'MOTOR', 'FANNI', '1', '1', 'GTA', NULL, NULL);

-- --------------------------------------------------------

--
-- Table structure for table `tb_jadwal_security`
--

CREATE TABLE `tb_jadwal_security` (
  `id` int(11) NOT NULL,
  `tanggal` varchar(10) NOT NULL,
  `regu` varchar(10) NOT NULL,
  `nama_1` varchar(200) DEFAULT NULL,
  `nama_2` varchar(200) DEFAULT NULL
) ENGINE=InnoDB DEFAULT CHARSET=utf8mb4 COLLATE=utf8mb4_general_ci;

--
-- Dumping data for table `tb_jadwal_security`
--

INSERT INTO `tb_jadwal_security` (`id`, `tanggal`, `regu`, `nama_1`, `nama_2`) VALUES
(121, '2024-10-01', 'D', 'Surono', 'Anang Prasetiya'),
(122, '2024-10-02', 'D', 'Surono', 'Anang Prasetiya'),
(123, '2024-10-03', 'C', 'Suranto', 'Andri Triyanto'),
(124, '2024-10-04', 'C', 'Suranto', 'Andri Triyanto'),
(125, '2024-10-05', 'B', 'Edi Sulistiyo', 'Nanang Setyo Nugroho'),
(126, '2024-10-06', 'B', 'Edi Sulistiyo', 'Nanang Setyo Nugroho'),
(127, '2024-10-07', 'A', 'Heri Suharto', 'Wisnu Sulistyo Adi Wibowo'),
(128, '2024-10-08', 'A', 'Heri Suharto', 'Wisnu Sulistyo Adi Wibowo'),
(129, '2024-10-09', 'D', 'Surono', 'Anang Prasetiya'),
(130, '2024-10-10', 'D', 'Surono', 'Anang Prasetiya'),
(131, '2024-10-11', 'B', 'Edi Sulistiyo', 'Nanang Setyo Nugroho'),
(132, '2024-10-12', 'B', 'Edi Sulistiyo', 'Nanang Setyo Nugroho'),
(133, '2024-10-13', 'C', 'Suranto', 'Andri Triyanto'),
(134, '2024-10-14', 'C', 'Suranto', 'Andri Triyanto'),
(135, '2024-10-15', 'A', 'Heri Suharto', 'Wisnu Sulistyo Adi Wibowo'),
(136, '2024-10-16', 'A', 'Heri Suharto', 'Wisnu Sulistyo Adi Wibowo'),
(137, '2024-10-17', 'D', 'Surono', 'Anang Prasetiya'),
(138, '2024-10-18', 'D', 'Surono', 'Anang Prasetiya'),
(139, '2024-10-19', 'C', 'Suranto', 'Andri Triyanto'),
(140, '2024-10-20', 'C', 'Suranto', 'Andri Triyanto'),
(141, '2024-10-21', 'B', 'Edi Sulistiyo', 'Nanang Setyo Nugroho'),
(142, '2024-10-22', 'B', 'Edi Sulistiyo', 'Nanang Setyo Nugroho'),
(143, '2024-10-23', 'A', 'Heri Suharto', 'Wisnu Sulistyo Adi Wibowo'),
(144, '2024-10-24', 'A', 'Heri Suharto', 'Wisnu Sulistyo Adi Wibowo'),
(145, '2024-10-25', 'D', 'Surono', 'Anang Prasetiya'),
(146, '2024-10-26', 'D', 'Surono', 'Anang Prasetiya'),
(147, '2024-10-27', 'C', 'Suranto', 'Andri Triyanto'),
(148, '2024-10-28', 'C', 'Suranto', 'Andri Triyanto'),
(149, '2024-10-29', 'B', 'Edi Sulistiyo', 'Nanang Setyo Nugroho'),
(150, '2024-10-30', 'B', 'Edi Sulistiyo', 'Nanang Setyo Nugroho');

-- --------------------------------------------------------

--
-- Table structure for table `tb_regu_security`
--

CREATE TABLE `tb_regu_security` (
  `id` int(11) NOT NULL,
  `regu` varchar(1) NOT NULL,
  `nama_1` varchar(200) NOT NULL,
  `nama_2` varchar(200) NOT NULL
) ENGINE=InnoDB DEFAULT CHARSET=utf8mb4 COLLATE=utf8mb4_general_ci;

--
-- Dumping data for table `tb_regu_security`
--

INSERT INTO `tb_regu_security` (`id`, `regu`, `nama_1`, `nama_2`) VALUES
(1, 'A', 'Heri Suharto', 'Wisnu Sulistyo Adi Wibowo'),
(2, 'B', 'Edi Sulistiyo', 'Nanang Setyo Nugroho'),
(3, 'C', 'Suranto', 'Andri Triyanto'),
(4, 'D', 'Surono', 'Anang Prasetiya');

-- --------------------------------------------------------

--
-- Table structure for table `tb_sisa_cuti`
--

CREATE TABLE `tb_sisa_cuti` (
  `id_sisa_cuti` int(100) NOT NULL,
  `nik` varchar(100) NOT NULL,
  `nama` varchar(100) NOT NULL,
  `periode` varchar(10) NOT NULL,
  `sisa_cuti` int(10) NOT NULL,
  `jabatan` varchar(100) NOT NULL,
  `departemen` varchar(100) NOT NULL,
  `tgl_join` varchar(10) NOT NULL
) ENGINE=InnoDB DEFAULT CHARSET=utf8mb4 COLLATE=utf8mb4_general_ci;

--
-- Dumping data for table `tb_sisa_cuti`
--

INSERT INTO `tb_sisa_cuti` (`id_sisa_cuti`, `nik`, `nama`, `periode`, `sisa_cuti`, `jabatan`, `departemen`, `tgl_join`) VALUES
(1, '02201807001', 'Haryadi Kusmantoro', '2024', 5, 'Plant Manager', 'Directorate', '16-Jul-18'),
(2, '02201112001', 'Resi Hudoko', '2024', 8, 'Engineering Manager', 'Engineering', '12-Dec-11'),
(3, '02201209004', 'Aditya Agus Listyanto', '2024', 7, 'Engineering Staff', 'Engineering', '26-Sep-12'),
(4, '02201308002', 'Sumardi', '2024', 2, 'Engineering Staff', 'Engineering', '26-Aug-13'),
(5, '02201708007', 'Erwan Wibowo', '2024', 9, 'Engineering Staff', 'Engineering', '21-Aug-17'),
(6, '02201708008', 'Dani Dwi Wahyudi', '2024', 4, 'Utility Staff', 'Engineering', '21-Aug-17'),
(7, '02201709001', 'Febi Irawan', '2024', 8, 'Maintenance Supervisor', 'Engineering', '04-Sep-17'),
(8, '02201710021', 'Nova Sulistyo Saputro', '2024', 9, 'Maintenance Staff', 'Engineering', '10-Oct-17'),
(9, '02201903003', 'Ahmadi', '2024', 5, 'Utility Supervisor', 'Engineering', '21-Mar-19'),
(10, '02201904014', 'Rian Febry Suryanto', '2024', 9, 'Maintenance Staff', 'Engineering', '17-Feb-16'),
(11, '02202001004', 'Ag. Wahyu Fajar Kristanto', '2024', 8, 'Maintenance Staff', 'Engineering', '21-Jan-20'),
(12, '02202002003', 'Dwi Mardiningsih', '2024', 5, 'Environment & Adm. Staff', 'Engineering', '21-Feb-20'),
(13, '02202305002', 'Dyan Ahmad Sya\'roni', '2024', 4, 'Utility Staff', 'Engineering', '22-May-23'),
(14, '02201312001', 'Oki Anggoro Librian', '2024', 8, 'HR & GA Manager', 'HR & GA', '02-Dec-13'),
(15, '02201705001', 'Rakijan', '2024', 9, 'HSE Manager', 'HR & GA', '02-May-17'),
(16, '02201212001', 'Albertus Widhi Kurniawan', '2024', 6, 'GA Supervisor', 'HR & GA', '26-Dec-12'),
(17, '02201411001', 'Indri Astuti', '2024', 8, 'HR Supervisor', 'HR & GA', '03-Nov-14'),
(18, '02201201001', 'Dedy Rusmiyanto', '2024', 7, 'OB', 'HR & GA', '04-Jan-12'),
(19, '02201211001', 'Anang Prasetiya', '2024', 11, 'Security', 'HR & GA', '05-Nov-12'),
(20, '02201211002', 'Andri Triyanto', '2024', 6, 'Security', 'HR & GA', '05-Nov-12'),
(21, '02201211003', 'Bambang Slamet Riyadi', '2024', 0, 'Security', 'HR & GA', '05-Nov-12'),
(22, '02201211004', 'Nanang Setyo Nugroho', '2024', 11, 'Security', 'HR & GA', '05-Nov-12'),
(23, '02201211005', 'Suranto', '2024', 9, 'Security', 'HR & GA', '05-Nov-12'),
(24, '02201211008', 'Wisnu Sulistyo Adi Wibowo', '2024', 10, 'Security', 'HR & GA', '05-Nov-12'),
(25, '02201308001', 'Heri Suharto', '2024', 9, 'Security', 'HR & GA', '26-Aug-13'),
(26, '02201405004', 'Agus Nugraha Setyabudi', '2024', 6, 'Gardener', 'HR & GA', '26-May-14'),
(27, '02201406001', 'Hanung Ragil P.', '2024', 7, 'Gardener', 'HR & GA', '04-Jun-14'),
(28, '02201408010', 'Sihandani', '2024', 7, 'Gardener', 'HR & GA', '27-Aug-14'),
(29, '02201410001', 'Idi Santosa', '2024', 5, 'Driver', 'HR & GA', '03-Oct-14'),
(30, '02201704001', 'Ratri Suprapto', '2024', 2, 'Maintenance', 'HR & GA', '03-Apr-17'),
(31, '02201707004', 'Surono', '2024', 8, 'Security', 'HR & GA', '21-Jul-17'),
(32, '02201711007', 'Iswahyudi', '2024', 9, 'OB', 'HR & GA', '06-Nov-17'),
(33, '02201711008', 'Marsono', '2024', 9, 'Maintenance', 'HR & GA', '06-Nov-17'),
(34, '02201711046', 'Nur Istiqomah', '2024', 8, 'Security', 'HR & GA', '27-Nov-17'),
(35, '02201808001', 'Zamzam Satriyo', '2024', 0, 'Security', 'HR & GA', '21-Aug-18'),
(36, '02201812001', 'Octaviani Darsanti Putri', '2024', 5, 'HR & GA Staff', 'HR & GA', '21-Dec-18'),
(37, '02201812002', 'Deandra Kusuma Ariefka', '2024', 9, 'HR & GA Staff', 'HR & GA', '21-Dec-18'),
(38, '02201209002', 'Erli Setyawan', '2024', 6, 'Maintenance', 'HR & GA', '10-Sep-12'),
(39, '02201909001', 'Sri Ningrum Handayani', '2024', 7, 'General Services', 'HR & GA', '05-Sep-19'),
(40, '02200405001', 'Agustinus Istar Abadi', '2024', 6, 'Driver', 'HR & GA', '01-May-04'),
(41, '02202204001', 'Gandung Verdina Wibisono', '2024', 3, 'HSE Staff', 'HR & GA', '01-Apr-22'),
(42, '02202207005', 'Edi Sulistiyo', '2024', 9, 'Security', 'HR & GA', '21-Jul-22'),
(43, '02201710027', 'Andang Budianto', '2024', 8, 'IT Supervisor', 'IT', '11-Oct-17'),
(44, '02200805001', 'Guido Rangga Respati', '2024', 4, 'PPIC Manager', 'PPIC', '05-May-08'),
(45, '02201110001', 'Dion Arga Anggayasta', '2024', 9, 'Material Planner Supervisor', 'PPIC', '01-Oct-11'),
(46, '02201408007', 'Valentinus Dian Budi Kuncoro', '2024', 6, 'RM PM Warehouse Supervisor', 'PPIC', '04-Aug-14'),
(47, '02201404001', 'Florentina Noviani', '2024', 2, 'Production Planner Supervisor', 'PPIC', '01-Apr-14'),
(48, '02201408003', 'Desita Indrawati', '2024', 6, 'Unit of Weighing ', 'PPIC', '04-Aug-14'),
(49, '02200905001', 'Menik Giarni', '2024', 6, 'Weighing Cordinator', 'PPIC', '12-May-09'),
(50, '02201603002', 'Dian Indri Setyawati', '2024', 5, 'RM PM Adm. Staff', 'PPIC', '07-Mar-16'),
(51, '02201107001', 'Eko Yunanto', '2024', 5, 'Operator', 'PPIC', '26-Jul-11'),
(52, '02201311001', 'Heri Pamungkas', '2024', 8, 'Operator', 'PPIC', '12-Nov-13'),
(53, '02201408006', 'Tri Purwanto', '2024', 2, 'Operator', 'PPIC', '04-Aug-14'),
(54, '02201408002', 'Dedy Andi Jatmiko', '2024', 4, 'Operator', 'PPIC', '04-Aug-14'),
(55, '02201408004', 'Endar Afrili Damara DS', '2024', 0, 'Operator', 'PPIC', '04-Aug-14'),
(56, '02201507001', 'Septi Mega Nanda', '2024', 4, 'Operator', 'PPIC', '14-Jul-15'),
(57, '02201507012', 'Rosyid Amrudin', '2024', 4, 'Operator', 'PPIC', '27-Jul-15'),
(58, '02201601001', 'Setyawan Kusuma Yuda', '2024', 0, 'Operator', 'PPIC', '04-Jan-16'),
(59, '02201603001', 'Arganda Pramudya Pribadi', '2024', 7, 'Operator', 'PPIC', '07-Mar-16'),
(60, '02201708010', 'Pursangkara Indriya Wicaksana', '2024', 5, 'RM PM Adm. Staff', 'PPIC', '21-Aug-17'),
(61, '02201709005', 'Guntur Bayu Dwi Cahyo', '2024', 4, 'Operator', 'PPIC', '06-Sep-17'),
(62, '02201709020', 'Heri Setiawan', '2024', 3, 'Operator ', 'PPIC', '22-Sep-17'),
(63, '02201709046', 'Andri Setiawan', '2024', 7, 'Operator', 'PPIC', '29-Sep-17'),
(64, '02201709047', 'Wirayanto Dwi Satriyo', '2024', 4, 'Operator', 'PPIC', '29-Sep-17'),
(65, '02201710015', 'Nurdin Susanto', '2024', 3, 'Operator', 'PPIC', '06-Oct-17'),
(66, '02201710016', 'Mochtarom Gozali', '2024', 4, 'Operator', 'PPIC', '06-Oct-17'),
(67, '02201710075', 'Roni Ady Susanto', '2024', 4, 'Operator', 'PPIC', '23-Oct-17'),
(68, '02201710079', 'Setya Budiyana', '2024', 6, 'Operator', 'PPIC', '23-Oct-17'),
(69, '02201710080', 'Suhaedi', '2024', 1, 'Operator', 'PPIC', '23-Oct-17'),
(70, '02201710085', 'Wahyu Sukma Nalibrata', '2024', 0, 'Operator', 'PPIC', '23-Oct-17'),
(71, '02201711043', 'Hafid Arief Utomo', '2024', 0, 'Operator', 'PPIC', '27-Nov-17'),
(72, '02201610002', 'Juli Setiawan', '2024', 2, 'Operator', 'PPIC', '05-Oct-16'),
(73, '02202305001', 'Heri Susanto', '2024', 1, 'Operator', 'PPIC', '22-May-23'),
(74, '02202310005', 'Hendri Martanto', '2024', 0, 'Operator', 'PPIC', '25-Oct-23'),
(75, '02201910001', 'Putri Wulandari', '2024', 8, 'APJ PBF & FG Supervisor', 'PPIC', '01-Oct-19'),
(76, '02201408005', 'Gina Theresia', '2024', 8, 'Demand Planner Supervisor', 'PPIC', '04-Aug-14'),
(77, '02201712044', 'Devi Ayu Wulandari', '2024', 2, 'FG Adm. Staff', 'PPIC', '21-Dec-17'),
(78, '02201310001', 'Joko Priyanto', '2024', 5, 'Operator', 'PPIC', '04-Oct-13'),
(79, '02201310002', 'Achmad Hidayat', '2024', 9, 'Operator', 'PPIC', '11-Oct-13'),
(80, '02201209003', 'Mardianto', '2024', 1, 'Operator', 'PPIC', '10-Sep-12'),
(81, '02201309001', 'R. Edy Nurcahyo', '2024', 4, 'Operator', 'PPIC', '02-Sep-13'),
(82, '02201506007', 'Dwi Mardiyanto', '2024', 7, 'Operator', 'PPIC', '18-Jun-15'),
(83, '02201506008', 'Sarwoto Cahyo Untoro', '2024', 3, 'Operator', 'PPIC', '18-Jun-15'),
(84, '02201506012', 'Pangaribowo Eko Priyasmoro', '2024', 8, 'FG Adm. Staff', 'PPIC', '26-Jun-15'),
(85, '02201507003', 'Abu Isnawan', '2024', 8, 'Operator', 'PPIC', '27-Jul-15'),
(86, '02201709011', 'Rhama Eka Aditya', '2024', 6, 'Operator', 'PPIC', '11-Sep-17'),
(87, '02201709012', 'Dendy Bagus Prastyawan', '2024', 7, 'Operator', 'PPIC', '11-Sep-17'),
(88, '02201709013', 'Lantip Gunawan', '2024', 3, 'Operator', 'PPIC', '11-Sep-17'),
(89, '02201709019', 'Suhono', '2024', 2, 'Operator', 'PPIC', '22-Sep-17'),
(90, '02201408001', 'Andy Prasetyono', '2024', 6, 'Weighing Cordinator', 'PPIC', '04-Aug-14'),
(91, '02201902009', 'Agata Kristiana', '2024', 6, 'RM PM Adm. Staff', 'PPIC', '21-Feb-19'),
(92, '02201910002', 'Supriyanto', '2024', 6, 'Operator', 'PPIC', '21-Oct-19'),
(93, '02201910003', 'Purdaka', '2024', 6, 'Operator', 'PPIC', '21-Oct-19'),
(94, '02201910005', 'Imam Fauzi', '2024', 5, 'FG Adm. Staff', 'PPIC', '21-Oct-19'),
(95, '02202001003', 'Purwanto', '2024', 6, 'Operator', 'PPIC', '21-Jan-20'),
(96, '02202011017', 'Fanni Saputra', '2024', 4, 'Operator', 'PPIC', '23-Nov-20'),
(97, '02202011018', 'Agus Darwanto', '2024', 5, 'Operator', 'PPIC', '23-Nov-20'),
(98, '02202106001', 'Widiyono', '2024', 9, 'Operator', 'PPIC', '21-Jun-21'),
(99, '02202111001', 'Nurisma Safitri', '2024', 8, 'FG Adm. Staff', 'PPIC', '08-Nov-21'),
(100, '02202306001', 'Akhirani Kartika Krisnamukti', '2024', 3, 'FG Adm. Staff', 'PPIC', '05-Jun-23'),
(101, '02202307004', 'Saridewi', '2024', 2, 'FG Adm. Staff', 'PPIC', '21-Jul-23'),
(102, '02202308002', 'Wahyu Setiawan', '2024', 1, 'FG Adm. Staff', 'PPIC', '21-Aug-23'),
(103, '02202310004', 'Wisnu Anugrah Purna B.', '2024', 0, 'FG Adm. Staff', 'PPIC', '23-Oct-23'),
(104, '02201910004', 'Febrian Rezki Chris Susanto', '2024', 4, 'Operator ', 'PPIC', '21-Oct-19'),
(105, '02201912004', 'Dhoni Kuswanto', '2024', 1, 'Operator', 'PPIC', '23-Dec-19'),
(106, '02202104002', 'Rustamaji', '2024', 2, 'Operator PBF', 'PBF', '27-Nov-14'),
(107, '02202104003', 'Tommy Jayanto', '2024', 0, 'Operator PBF', 'PBF', '27-Nov-14'),
(108, '02202104004', 'Ari Sunarto', '2024', 8, 'Operator PBF', 'PBF', '13-Oct-10'),
(109, '02202207013', 'Henry Ahmad Fahrudin', '2024', 8, 'Operator PBF/FG', 'PBF', '22-Jul-22'),
(110, '02202101001', 'Dwi Wahyu', '2024', 6, 'Operator', 'PBF', '09-Jan-12'),
(111, '02202208002', 'Noreza Aurin Josinda', '2024', 7, 'Admin PBF', 'PBF', '01-Aug-22'),
(112, '02201204002', 'Susy Herawati', '2024', 9, 'Production Manager', 'Production', '02-Apr-12'),
(113, '02201304001', 'Rukmini', '2024', 3, 'Production Adm. Staff', 'Production', '26-Apr-13'),
(114, '02201406002', 'Paulus Ardy Susanto', '2024', 5, 'Cordinator Grey Area', 'Production', '26-Jun-14'),
(115, '02201409002', 'Muhammad Arif Fachrudin', '2024', 7, 'Cordinator Grey Area', 'Production', '26-Sep-14'),
(116, '02201410004', 'Wawan Ardi Kuncoro', '2024', 6, 'Cordinator Black Area', 'Production', '27-Oct-14'),
(117, '02201411002', 'Aditya Feri Wardani', '2024', 7, 'Cordinator Grey Area', 'Production', '26-Nov-14'),
(118, '02201504001', 'Haryadi', '2024', 8, 'Junior Supervisor Produksi', 'Production', '27-Apr-15'),
(119, '02201504002', 'Iqwan Buqori', '2024', 7, 'Junior Supervisor Produksi', 'Production', '27-Apr-15'),
(120, '02201504003', 'Muhammad Yuda Maulana', '2024', 4, 'Cordinator Black Area', 'Production', '27-Apr-15'),
(121, '02201505001', 'Eko Setio Wibowo', '2024', 5, 'Operator', 'Production', '26-May-15'),
(122, '02201505002', 'Septo Bintoro', '2024', 2, 'Operator', 'Production', '26-May-15'),
(123, '02201505003', 'Sugeng Riyanto', '2024', 4, 'Operator', 'Production', '26-May-15'),
(124, '02201506006', 'Fendi Kurniawan', '2024', 3, 'Operator', 'Production', '10-Jun-15'),
(125, '02201506009', 'Asihono', '2024', 4, 'Operator', 'Production', '26-Jun-15'),
(126, '02201506013', 'Teguh Santoso', '2024', 7, 'Operator', 'Production', '26-Jun-15'),
(127, '02201507007', 'Erni Hidayanti', '2024', 6, 'Production Adm. Staff', 'Production', '27-Jul-15'),
(128, '02201507008', 'Kasno Nugroho', '2024', 4, 'Cordinator Black Area', 'Production', '27-Jul-15'),
(129, '02201507013', 'Shintya Wedha Maharani', '2024', 6, 'Senior Production Supervisor', 'Production', '27-Jul-15'),
(130, '02201508002', 'Datut Nur Pratiwi', '2024', 2, 'Production Adm. Staff', 'Production', '26-Aug-15'),
(131, '02201508003', 'Eko Ari Susilo', '2024', 2, 'Operator', 'Production', '26-Aug-15'),
(132, '02201508005', 'Ragil Sutarsih', '2024', 4, 'Operator', 'Production', '26-Aug-15'),
(133, '02201508006', 'Triadi', '2024', 5, 'Operator', 'Production', '26-Aug-15'),
(134, '02201609003', 'Azis Febrianto', '2024', 3, 'Operator', 'Production', '13-Sep-16'),
(135, '02201610004', 'Paulus Pebria Setyawan', '2024', 6, 'Operator', 'Production', '21-Oct-16'),
(136, '02201708001', 'Ervan Finanto', '2024', 4, 'Operator', 'Production', '07-Aug-17'),
(137, '02201708002', 'Hendra Aji Nugroho', '2024', 3, 'Operator', 'Production', '07-Aug-17'),
(138, '02201708013', 'Rio Dwi Santosa', '2024', 7, 'Operator', 'Production', '28-Aug-17'),
(139, '02201708014', 'Yuswantoro', '2024', 5, 'Operator', 'Production', '28-Aug-17'),
(140, '02201709003', 'Eko Purnomo', '2024', 7, 'Operator', 'Production', '06-Sep-17'),
(141, '02201709015', 'Ervan Setyadi', '2024', 4, 'Operator', 'Production', '22-Sep-17'),
(142, '02201709016', 'Chairodin Saleh', '2024', 4, 'Operator', 'Production', '22-Sep-17'),
(143, '02201709022', 'Danang Febriyanto', '2024', 4, 'Operator', 'Production', '22-Sep-17'),
(144, '02201709024', 'Amin Riyadi', '2024', 3, 'Operator', 'Production', '22-Sep-17'),
(145, '02201709027', 'Erico Ayang Prihatin', '2024', 2, 'Operator', 'Production', '22-Sep-17'),
(146, '02201709049', 'Bens Winantyo Adi Rahayu', '2024', 3, 'Operator', 'Production', '29-Sep-17'),
(147, '02201710008', 'Fajar Eko Hermawan', '2024', 2, 'Operator', 'Production', '04-Oct-17'),
(148, '02201710013', 'Erwin Nurcahyo', '2024', 2, 'Operator', 'Production', '06-Oct-17'),
(149, '02201710019', 'Hendika Aldi Pratama', '2024', 4, 'Operator', 'Production', '09-Oct-17'),
(150, '02201710023', 'Angga Oktafa', '2024', 7, 'Operator', 'Production', '10-Oct-17'),
(151, '02201710046', 'Sinta Adeliana Suparno', '2024', 2, 'Operator', 'Production', '19-Oct-17'),
(152, '02201710083', 'Hestiya Zelfiana', '2024', 6, 'Operator', 'Production', '23-Oct-17'),
(153, '02201710097', 'Siti Nur Fitriana Febrianti', '2024', 5, 'Operator', 'Production', '24-Oct-17'),
(154, '02201710114', 'Xalinda Amy Sepviana', '2024', 5, 'Production Adm. Staff', 'Production', '25-Oct-17'),
(155, '02201711015', 'Ekanius', '2024', 3, 'Operator', 'Production', '17-Nov-17'),
(156, '02201711019', 'Petrus Bimo', '2024', 3, 'Cordinator Grey Area', 'Production', '21-Nov-17'),
(157, '02201711030', 'Ahmad Baihaqi', '2024', 2, 'Operator', 'Production', '24-Nov-17'),
(158, '02201711035', 'Hari Laksono', '2024', 7, 'Operator', 'Production', '24-Nov-17'),
(159, '02201711039', 'Toto Tranoko', '2024', 3, 'Operator', 'Production', '24-Nov-17'),
(160, '02201712003', 'Hiasintus Adi Risanta', '2024', 4, 'Operator', 'Production', '12-Dec-17'),
(161, '02201712008', 'Dedi Setiawan', '2024', 9, 'Operator', 'Production', '21-Dec-17'),
(162, '02201712011', 'Joko Wijanarko', '2024', 7, 'Operator', 'Production', '21-Dec-17'),
(163, '02201712026', 'Ibnu Widodo', '2024', 3, 'Operator', 'Production', '21-Dec-17'),
(164, '02201712038', 'Nova Feri Nur Rahman', '2024', 7, 'Operator', 'Production', '21-Dec-17'),
(165, '02201903004', 'Dewi Fitri Astuti', '2024', 2, 'Operator', 'Production', '21-Mar-19'),
(166, '02201906010', 'Heny Uswatun', '2024', 4, 'Operator', 'Production', '21-Jun-19'),
(167, '02201906012', 'Desy Novita Permadani', '2024', 5, 'Operator', 'Production', '21-Jun-19'),
(168, '02201907008', 'Sugeng Widodo', '2024', 6, 'Operator', 'Production', '21-Aug-19'),
(169, '02201907009', 'Agus Basuki', '2024', 3, 'Operator', 'Production', '21-Aug-19'),
(170, '02201907010', 'Laras Putrianingsih', '2024', 1, 'Operator', 'Production', '21-Aug-19'),
(171, '02201912005', 'Maryanto', '2024', 7, 'Operator ', 'Production', '26-Apr-12'),
(172, '02202001002', 'Sri Makmur', '2024', 2, 'Operator', 'Production', '21-Jan-20'),
(173, '02202002001', 'Endang Mulyaningrum', '2024', 9, 'Operator', 'Production', '21-Feb-20'),
(174, '02202003003', 'Nandang Mushabi', '2024', 5, 'Operator', 'Production', '23-Mar-20'),
(175, '02202003005', 'Nur Afiah', '2024', 4, 'Operator', 'Production', '23-Mar-20'),
(176, '02202007001', 'Jihan Fataa Tsabitul Furqon', '2024', 6, 'Junior Supervisor Produksi', 'Production', '07-Jul-20'),
(177, '02202007002', 'Wibowo Canang Wijayanto', '2024', 4, 'Operator', 'Production', '21-Jul-20'),
(178, '02202011005', 'Uut Solihudin Wakusiman', '2024', 4, 'Operator', 'Production', '23-Nov-20'),
(179, '02202011006', 'Rahma Nur Amin', '2024', 5, 'Operator', 'Production', '23-Nov-20'),
(180, '02202011007', 'Budi Hardianto', '2024', 7, 'Operator', 'Production', '23-Nov-20'),
(181, '02202011012', 'Nur Hayati Fitri Rahayu ', '2024', 3, 'Operator', 'Production', '23-Nov-20'),
(182, '02202102002', 'Khanif Fuady', '2024', 7, 'Junior Supervisor Produksi', 'Production', '08-Feb-21'),
(183, '02202103004', 'Amelia Alda Syafira', '2024', 7, 'Operator', 'Production', '08-Mar-21'),
(184, '02202103006', 'Christian Daniel Hutama', '2024', 5, 'Operator', 'Production', '22-Mar-21'),
(185, '02202103007', 'Riska Tri Kristiyanti', '2024', 3, 'Operator', 'Production', '22-Mar-21'),
(186, '02202109004', 'Azis Miranto', '2024', 5, 'Operator', 'Production', '27-Sep-21'),
(187, '02202112003', 'Apriyanto Irvan Nugroho', '2024', 7, 'Operator', 'Production', '21-Dec-21'),
(188, '02202202003', 'Ratna Wulan Ndari', '2024', 0, 'Operator', 'Production', '07-Feb-22'),
(189, '02202203001', 'Epta Putri Yuliana', '2024', 6, 'Operator', 'Production', '01-Mar-22'),
(190, '02202204005', 'Triyanto', '2024', 5, 'Operator', 'Production', '11-Apr-22'),
(191, '02202205003', 'Krisma Romandani', '2024', 4, 'Operator', 'Production', '23-May-22'),
(192, '02202207006', 'Aji Prabawa', '2024', 6, 'Operator', 'Production', '22-Jul-22'),
(193, '02202207007', 'Christian Damar Nugroho', '2024', 0, 'Operator', 'Production', '22-Jul-22'),
(194, '02202207008', 'Nabilla Zanu Fatmawati', '2024', 4, 'Operator', 'Production', '22-Jul-22'),
(195, '02202207011', 'Dionysius Yofi Vernando', '2024', 4, 'Operator', 'Production', '22-Jul-22'),
(196, '02202208003', 'Danang Arif Wibowo', '2024', 1, 'Operator', 'Production', '08-Aug-22'),
(197, '02202208005', 'Ida Ariyani', '2024', 7, 'Operator', 'Production', '08-Aug-22'),
(198, '02202208006', 'Erwanti Indah Perwitasari', '2024', 6, 'Operator', 'Production', '08-Aug-22'),
(199, '02202208008', 'Febrianto Nugroho', '2024', 7, 'Operator', 'Production', '08-Aug-22'),
(200, '02202208009', 'Alifia Dea Kusumawati', '2024', 5, 'Operator', 'Production', '08-Aug-22'),
(201, '02202208010', 'Surya Aditya', '2024', 5, 'Operator', 'Production', '08-Aug-22'),
(202, '02202209003', 'Mutiara Giri Andriyanti', '2024', 5, 'Operator', 'Production', '21-Sep-22'),
(203, '02202211002', 'Muhammad Burhan Efendi', '2024', 8, 'Operator', 'Production', '21-Nov-22'),
(204, '02202211003', 'Sisti Novita Sari', '2024', 5, 'Operator', 'Production', '21-Nov-22'),
(205, '02202211007', 'Haris Mulyanto', '2024', 3, 'Operator', 'Production', '28-Nov-22'),
(206, '02202211008', 'Silvia Purwaningsih', '2024', 1, 'Operator', 'Production', '28-Nov-22'),
(207, '02202301009', 'Dita Melyna Fitriani', '2024', 2, 'Operator', 'Production', '09-Jan-23'),
(208, '02202301010', 'Dian Sri Sekarningsih', '2024', 5, 'Operator', 'Production', '09-Jan-23'),
(209, '02202301012', 'Fera Dewi Astuti', '2024', 2, 'Operator', 'Production', '23-Jan-23'),
(210, '02202301013', 'Tika Ambarwati', '2024', 4, 'Operator', 'Production', '23-Jan-23'),
(211, '02202301015', 'Lina Nur Isnaini', '2024', 1, 'Operator', 'Production', '23-Jan-23'),
(212, '02202308008', 'Akhmad Ragil Yosi', '2024', 1, 'Operator', 'Production', '28-Aug-23'),
(213, '02202308009', 'Fransiskus Eka Setya Budianto', '2024', 1, 'Operator', 'Production', '28-Aug-23'),
(214, '02202309001', 'Jordan Mahadika', '2024', 0, 'Operator', 'Production', '06-Sep-23'),
(215, '02202309002', 'Fajar Ardhian Henry Pradana', '2024', 0, 'Operator', 'Production', '06-Sep-23'),
(216, '02202309003', 'Nuri Bekti Handayani', '2024', 0, 'Operator', 'Production', '06-Sep-23'),
(217, '02201204001', 'Antonius Poerwoko', '2024', 6, 'Purchasing Manager', 'Purchasing', '02-Apr-12'),
(218, '02201511001', 'Yayan Prihandono', '2024', 7, 'Purchasing Supervisor', 'Purchasing', '04-Nov-15'),
(219, '02201712002', 'Dian Eka Ratnasari', '2024', 7, 'Purchasing Staff', 'Purchasing', '11-Dec-17'),
(220, '02201501001', 'Ignasius Eka Wibowo', '2024', 5, 'QA Manager', 'Quality Assurance', '02-Jan-15'),
(221, '02201307001', 'Iswanniarto Dian Nugroho', '2024', 2, 'QA Staff', 'Quality Assurance', '10-Jul-13'),
(222, '02201506002', 'Nurullita Friska Lukita Sari', '2024', 3, 'QA Staff', 'Quality Assurance', '05-Jun-15'),
(223, '02201612001', 'Anggi Noviantinar Rahmawati', '2024', 8, 'QA Staff', 'Quality Assurance', '01-Dec-16'),
(224, '02201702005', 'Reza Eka Putra', '2024', 6, 'QA Supervisor', 'Quality Assurance', '21-Feb-17'),
(225, '02201710086', 'Amanda Arum Kusuma Astuti', '2024', 9, 'QA Staff', 'Quality Assurance', '23-Oct-17'),
(226, '02201801001', 'Dian Anggraeni', '2024', 3, 'QA Staff', 'Quality Assurance', '22-Jan-18'),
(227, '02202302001', 'Maria Faustina Sari', '2024', 6, 'QA Supervisor', 'Quality Assurance', '06-Feb-23'),
(228, '02202102004', 'Johannes Sianturi Baskoro', '2024', 4, 'QA Staff', 'Quality Assurance', '22-Feb-21'),
(229, '02202102005', 'Afiana Suroto', '2024', 2, 'QA Staff', 'Quality Assurance', '22-Feb-21'),
(230, '02202111007', 'Febryan Angga Saputra', '2024', 3, 'QA Staff', 'Quality Assurance', '22-Nov-21'),
(231, '02201207001', 'Y. Rizaqa Prema Arsyto', '2024', 3, 'Quality Control Manager', 'Quality Control', '02-Jul-12'),
(232, '02201303002', 'Titit Wulandari', '2024', 5, 'Microbiology Analysis Supervisor', 'Quality Control', '26-Mar-13'),
(233, '02201004001', 'Nurma Purwaningtyas', '2024', 5, 'QC Staff', 'Quality Control', '15-Apr-10'),
(234, '02201102001', 'Maria Gorreti Dwi Agusti Sunarwati', '2024', 7, 'QC Staff', 'Quality Control', '01-Feb-11'),
(235, '02201309003', 'Purnani', '2024', 5, 'QC Staff', 'Quality Control', '03-Sep-13'),
(236, '02201309004', 'Herlambang Akbar Irana', '2024', 2, 'QC Staff', 'Quality Control', '10-Sep-13'),
(237, '02201309005', 'Tika Handayani', '2024', 6, 'QC Staff', 'Quality Control', '10-Sep-13'),
(238, '02201310006', 'RR. Dina Purnamasari', '2024', 2, 'QC Staff', 'Quality Control', '11-Oct-13'),
(239, '02201406003', 'Setyo Budi Hernawan', '2024', 2, 'QC Staff', 'Quality Control', '26-Jun-14'),
(240, '02201408008', 'Wahyu Wintoko', '2024', 7, 'QC Staff', 'Quality Control', '04-Aug-14'),
(241, '02201408009', 'Joko Wahono', '2024', 5, 'QC Staff', 'Quality Control', '26-Aug-14'),
(242, '02201507004', 'Agung Pamungkas', '2024', 1, 'QC Staff', 'Quality Control', '27-Jul-15'),
(243, '02201507006', 'Daryanto', '2024', 7, 'QC Staff', 'Quality Control', '27-Jul-15'),
(244, '02201507010', 'Resti Yudha Pratama', '2024', 0, 'QC Staff', 'Quality Control', '27-Jul-15'),
(245, '02201605003', 'Ely Wirawan', '2024', 2, 'QC Staff', 'Quality Control', '23-May-16'),
(246, '02201605004', 'Samuel Engkos Putra Hargyantara', '2024', 3, 'QC Staff', 'Quality Control', '23-May-16'),
(247, '02201608002', 'Sidiq Heri Sulistyo', '2024', 6, 'QC Staff', 'Quality Control', '22-Aug-16'),
(248, '02201708011', 'Eko Prasetyo', '2024', 6, 'QC Staff', 'Quality Control', '28-Aug-17'),
(249, '02201709010', 'Riska Kurniawati', '2024', 6, 'Adm. & Penerimaan Sampel', 'Laboratorium', '11-Sep-17'),
(250, '02201709048', 'Dimas Cahyo Pratomo', '2024', 7, 'QC Staff', 'Quality Control', '29-Sep-17'),
(251, '02201710123', 'Aldyanto Setyawan', '2024', 7, 'QC Staff', 'Quality Control', '30-Oct-17'),
(252, '02201710124', 'Ika Widyasari Ramadhani', '2024', 6, 'QC Staff', 'Quality Control', '30-Oct-17'),
(253, '02201711011', 'Ardito Wijayanto', '2024', 3, 'QC Staff', 'Quality Control', '13-Nov-17'),
(254, '02201711026', 'Daniel Budi Prasetyo', '2024', 0, 'QC Staff', 'Quality Control', '21-Nov-17'),
(255, '02201910006', 'Muhamad Solikhin Sugiyanto', '2024', 7, 'Analis Mikrobiologi', 'Quality Control', '21-Oct-19'),
(256, '02201910007', 'Afif Luqman Aji Prayoga', '2024', 6, 'QC Staff', 'Quality Control', '21-Oct-19'),
(257, '02202004001', 'Erma Dewi Astiyanti', '2024', 7, 'QC Staff', 'Quality Control', '01-Apr-20'),
(258, '02202012002', 'Riza Mahadirka Putra', '2024', 6, 'QC Staff', 'Quality Control', '07-Dec-20'),
(259, '02202103001', 'Ade Arfianto', '2024', 6, 'QC Staff', 'Quality Control', '01-Mar-21'),
(260, '02202105001', 'Dyah Nurulsuci Widdhyaningtyas', '2024', 6, 'QC Staff', 'Quality Control', '03-May-21'),
(261, '02202105002', 'Dini Pisserela', '2024', 5, 'Quality Control Supervisor', 'Quality Control', '21-May-21'),
(262, '02202109002', 'Dhanis Rachmawan', '2024', 5, 'QC Staff', 'Quality Control', '21-Sep-21'),
(263, '02202111006', 'Nurlita Primasari', '2024', 5, 'Quality Control Supervisor', 'Quality Control', '22-Nov-21'),
(264, '02202112001', 'Dwi Muhammad Yusuf', '2024', 7, 'Analis Laboratorium', 'Laboratorium', '21-Dec-21'),
(265, '02202206006', 'Ariyanto', '2024', 4, 'QC Staff', 'Quality Control', '21-Jun-22'),
(266, '02202207001', 'Deva Anjas Sudarwanto', '2024', 7, 'QC Staff', 'Quality Control', '04-Jul-22'),
(267, '02202207002', 'Winayu Nurlita Gayatri', '2024', 8, 'Analis Laboratorium', 'Laboratorium', '04-Jul-22'),
(268, '02202207003', 'Budiani Astuti', '2024', 7, 'QC Staff', 'Quality Control', '04-Jul-22'),
(269, '02202207004', 'Muhammad Naufal Aldy Syahputra', '2024', 6, 'QC Staff', 'Quality Control', '11-Jul-22'),
(270, '02202310003', 'Shafira Rizqa Hasanta', '2024', 0, 'QC Staff', 'Quality Control', '23-Oct-23'),
(271, '02202311001', 'Defia Yunita', '2024', 0, 'QC Staff', 'Quality Control', '21-Nov-23'),
(272, '02202311002', 'Nasya Noor Afala', '2024', 0, 'QC Staff', 'Quality Control', '21-Nov-23'),
(273, '02202311003', 'Hesty Masya Mukti', '2024', 0, 'QC Staff', 'Quality Control', '21-Nov-23'),
(274, '02201602001', 'Indra Mariana', '2024', 9, 'Quality System Manager', 'Quality System', '09-Feb-16'),
(275, '02201807004', 'Fransisca Romana Dyah Kuswantari', '2024', 3, 'Assistant Quality System', 'Quality System', '10-Dec-15'),
(276, '02201401002', 'Thedjo Novi Rahayu', '2024', 6, 'R & D Manager', 'RND', '06-Jan-14'),
(277, '02201703001', 'Bernadeta Ardy Puspitarini', '2024', 5, 'Product Manager', 'RND', '06-Mar-17'),
(278, '02200701001', 'Esther Sasmita', '2024', 6, 'Proccess Dev. Supervisor', 'RND', '28-Feb-07'),
(279, '02201303001', 'Stefani Putri Harsanto', '2024', -1, 'Formulation Supervisor', 'RND', '21-Apr-13'),
(280, '02201607002', 'Thomas Anggun Dian Prakoso', '2024', 1, 'Analitycal Development Supervisor', 'RND', '21-Jul-16'),
(281, '02200704001', 'Yanuri', '2024', 2, 'Koordinator Mixing', 'RND', '28-Apr-07'),
(282, '02200808001', 'Yunarto', '2024', 6, 'Operator', 'RND', '05-Aug-08'),
(283, '02201206001', 'Siswaya Haryanto', '2024', 1, 'Operator', 'RND', '01-Jun-12'),
(284, '02201309002', 'Fitri Maryati', '2024', 1, 'Operator', 'RND', '03-Sep-13'),
(285, '02201309007', 'Yuniar Tri Prabawa', '2024', 5, 'Operator', 'RND', '02-Sep-13'),
(286, '02201410003', 'Dony Hermawan', '2024', 3, 'Analitycal Development Staff', 'RND', '27-Oct-14'),
(287, '02201507002', 'Dewi Rosaria', '2024', 8, 'Stability Cord. Staff', 'RND', '21-Jul-15'),
(288, '02201603004', 'Septina Maulida', '2024', 0, 'Packaging Development Staff', 'RND', '10-Mar-16'),
(289, '02201703003', 'Yuliana Jakiyah', '2024', 3, 'Packaging Development Staff', 'RND', '21-Mar-17'),
(290, '02201707002', 'Ananda Siwi Lesmana', '2024', 3, 'Process Development Supervisor', 'RND', '03-Jul-17'),
(291, '02201709038', 'Dhea Mahanani Sasanti', '2024', 3, 'Packaging Development Staff', 'RND', '25-Sep-17'),
(292, '02201710098', 'Dini Ramadhani', '2024', 0, 'Stability Study Staff', 'RND', '24-Oct-17'),
(293, '02201711027', 'Novia Eko Suhartanti', '2024', 4, 'Packaging Development Staff', 'RND', '21-Nov-17'),
(294, '02201712043', 'Ahmad Arif Suhada', '2024', 4, 'Formulation Staff', 'RND', '21-Dec-17'),
(295, '02202102003', 'Irene Meisty Sambenthiro', '2024', 5, 'Analitycal Development Staff', 'RND', '08-Feb-21'),
(296, '02202209001', 'Agnesia Kristina Putri', '2024', 8, 'Formulation Supervisor', 'RND', '12-Sep-22'),
(297, '02202209002', 'Mega Wiraningrum', '2024', 6, 'Stability Study Staff', 'RND', '12-Sep-22'),
(298, '02202307005', 'Jaka Triwiyana', '2024', 2, 'Staff Desain Grafis', 'RND', '24-Jul-23'),
(299, '02202308006', 'Anastasia Hirya Kurnia Danastri', '2024', 1, 'Registration Supervisor', 'RND', '28-Aug-23'),
(300, '02202307001', 'Ayu Wulandari', '2024', 3, 'Analitycal Development Staff', 'RND', '03-Jul-23'),
(301, '02202107001', 'Merywati', '2024', 6, 'PPIC Supervisor Plant-2', 'PPIC', '04-Dec-17'),
(302, '02202107003', 'Supriyanto', '2024', 6, 'Production Operator Plant-2', 'Production', '02-Jan-18'),
(303, '02202107004', 'Yahya Handayani', '2024', 6, 'Warehouse Operator Plant-2', 'Production', '02-Jan-18'),
(304, '02202107005', 'Gogot Agus Susanto', '2024', 8, 'Warehouse Operator Plant-2', 'Production', '02-Jan-18'),
(305, '02202107006', 'Lintang Margani Sapta N', '2024', 6, 'Packer Plant-2', 'Production', '02-Jan-18'),
(306, '02202107007', 'Lusi Darwati', '2024', 3, 'Packer Plant-2', 'Production', '02-Jan-18'),
(307, '02202107008', 'Ivan Setiawan', '2024', 10, 'Security Plant-2', 'HR & GA', '22-Jan-18'),
(308, '02202107011', 'Sigit Haryono', '2024', 10, 'Security Plant-2', 'HR & GA', '21-Feb-18'),
(309, '02202107015', 'Suci Puji Lestari', '2024', 5, 'Packer Plant-2', 'Production', '21-Jun-21'),
(310, '02202109003', 'Akik Kurniawan', '2024', 6, 'QC Officer', 'Quality Control', '21-Sep-21'),
(311, '02202110002', 'Azys Kurniawan', '2024', 10, 'Security Plant-2', 'HR & GA', '21-Oct-21'),
(312, '02202111002', 'Adhitya Rena Saputra', '2024', 5, 'Production Operator Plant-2', 'Production', '08-Nov-21'),
(313, '02202308003', 'Wahyu Nugroho', '2024', 4, 'Security', 'HR & GA', '21-Aug-23'),
(314, '02202111004', 'Frans Harsen Pulung', '2024', 6, 'Head Div. of  Supply Chain', 'Supply Chain', '01-Jul-14'),
(315, '02202111005', 'Tony Handoyo', '2024', 9, 'Pjs. SMGR of  Supply Chain', 'Supply Chain', '07-Oct-11'),
(316, '02202012001', 'Theresia Ajeng Wulandari', '2024', 5, 'Admin Staff', 'Supply Chain', '07-Dec-20'),
(317, '02202111003', 'Hendra', '2024', 7, 'Finance & Accounting Manager', 'Finance & Accounting', '2019-03-21'),
(318, '02201503001', 'Donna Bella Tjan', '2024', 6, 'Finance & Accounting Supervisor', 'Finance & Accounting', '2015-03-02'),
(319, '02201510001', ' Nobert Yulius Polimpung ', '2024', 2, 'Finance & Accounting Staff', 'Finance & Accounting', '2015-10-26'),
(320, '02201709040', 'Reza Galih Widiatmoko', '2024', 9, 'Finance & Accounting Staff', 'Finance & Accounting', '2017-09-25'),
(321, '02201903002', 'Maria Ika Astuti', '2024', 0, 'Finance & Accounting Staff', 'Finance & Accounting', '2019-03-21'),
(322, '02202003002', 'Adi Irawan Septiyanto', '2024', 9, 'Finance & Accounting Staff', 'Finance & Accounting', '2020-07-21'),
(323, '02202102001', 'RR. AM. Itut Nugrahani', '2024', 4, 'Finance & Accounting Staff', 'Finance & Accounting', '2008-05-05'),
(324, '02202201005', 'Fitriana', '2024', 6, 'Finance & Accounting Staff', 'Finance & Accounting', '2015-01-05'),
(325, '02201710034', 'Aviliani Rahmawati', '2024', 8, 'Finance & Acc. Adm. Staff', 'Finance & Accounting', '2017-10-16'),
(326, '02202107009', 'Caecilia Iswardani', '2024', 8, 'Finance & Accounting Staff', 'Finance & Accounting', '2018-01-22'),
(327, '02202107010', 'Dinda Gusti Widati', '2024', 6, 'Finance & Accounting Staff', 'Finance & Accounting', '2018-01-23'),
(328, '02202310001', 'Putri Diyah Anggraeni', '2024', 0, 'Finance & Accounting Staff', 'Finance & Accounting', '2023-10-02'),
(329, '02202310002', 'Arista Febri Hastini', '2024', 0, 'Finance & Accounting Staff', 'Finance & Accounting', '2023-10-23');

--
-- Indexes for dumped tables
--

--
-- Indexes for table `batal_cuti_izin`
--
ALTER TABLE `batal_cuti_izin`
  ADD PRIMARY KEY (`id_batal`);

--
-- Indexes for table `cuti_bersama`
--
ALTER TABLE `cuti_bersama`
  ADD PRIMARY KEY (`id`);

--
-- Indexes for table `hak_cuti`
--
ALTER TABLE `hak_cuti`
  ADD PRIMARY KEY (`id_hc`);

--
-- Indexes for table `surat_izin`
--
ALTER TABLE `surat_izin`
  ADD PRIMARY KEY (`id_izin`);

--
-- Indexes for table `tb_jadwal_security`
--
ALTER TABLE `tb_jadwal_security`
  ADD PRIMARY KEY (`id`);

--
-- Indexes for table `tb_regu_security`
--
ALTER TABLE `tb_regu_security`
  ADD PRIMARY KEY (`id`);

--
-- Indexes for table `tb_sisa_cuti`
--
ALTER TABLE `tb_sisa_cuti`
  ADD PRIMARY KEY (`id_sisa_cuti`);

--
-- AUTO_INCREMENT for dumped tables
--

--
-- AUTO_INCREMENT for table `batal_cuti_izin`
--
ALTER TABLE `batal_cuti_izin`
  MODIFY `id_batal` int(10) NOT NULL AUTO_INCREMENT, AUTO_INCREMENT=999;

--
-- AUTO_INCREMENT for table `cuti_bersama`
--
ALTER TABLE `cuti_bersama`
  MODIFY `id` int(11) NOT NULL AUTO_INCREMENT, AUTO_INCREMENT=742;

--
-- AUTO_INCREMENT for table `hak_cuti`
--
ALTER TABLE `hak_cuti`
  MODIFY `id_hc` int(11) NOT NULL AUTO_INCREMENT, AUTO_INCREMENT=52;

--
-- AUTO_INCREMENT for table `surat_izin`
--
ALTER TABLE `surat_izin`
  MODIFY `id_izin` int(5) NOT NULL AUTO_INCREMENT, AUTO_INCREMENT=646;

--
-- AUTO_INCREMENT for table `tb_jadwal_security`
--
ALTER TABLE `tb_jadwal_security`
  MODIFY `id` int(11) NOT NULL AUTO_INCREMENT, AUTO_INCREMENT=151;

--
-- AUTO_INCREMENT for table `tb_regu_security`
--
ALTER TABLE `tb_regu_security`
  MODIFY `id` int(11) NOT NULL AUTO_INCREMENT, AUTO_INCREMENT=5;

--
-- AUTO_INCREMENT for table `tb_sisa_cuti`
--
ALTER TABLE `tb_sisa_cuti`
  MODIFY `id_sisa_cuti` int(100) NOT NULL AUTO_INCREMENT, AUTO_INCREMENT=3485;
COMMIT;

/*!40101 SET CHARACTER_SET_CLIENT=@OLD_CHARACTER_SET_CLIENT */;
/*!40101 SET CHARACTER_SET_RESULTS=@OLD_CHARACTER_SET_RESULTS */;
/*!40101 SET COLLATION_CONNECTION=@OLD_COLLATION_CONNECTION */;
