-- phpMyAdmin SQL Dump
-- version 5.2.1
-- https://www.phpmyadmin.net/
--
-- Host: 127.0.0.1
-- Generation Time: Sep 23, 2024 at 09:26 AM
-- Server version: 10.4.32-MariaDB
-- PHP Version: 8.2.12

SET SQL_MODE = "NO_AUTO_VALUE_ON_ZERO";
START TRANSACTION;
SET time_zone = "+00:00";


/*!40101 SET @OLD_CHARACTER_SET_CLIENT=@@CHARACTER_SET_CLIENT */;
/*!40101 SET @OLD_CHARACTER_SET_RESULTS=@@CHARACTER_SET_RESULTS */;
/*!40101 SET @OLD_COLLATION_CONNECTION=@@COLLATION_CONNECTION */;
/*!40101 SET NAMES utf8mb4 */;

--
-- Database: `ci4hr`
--

-- --------------------------------------------------------

--
-- Table structure for table `batal_cuti_izin`
--

CREATE TABLE `batal_cuti_izin` (
  `id_batal` int(10) NOT NULL,
  `id_izin` int(10) NOT NULL,
  `alasan_batal` varchar(200) NOT NULL,
  `nik` varchar(100) NOT NULL,
  `inisial` varchar(10) NOT NULL,
  `nama` varchar(200) NOT NULL,
  `departemen` varchar(100) NOT NULL,
  `izin_awal` varchar(100) NOT NULL,
  `alasan_izin` varchar(200) NOT NULL,
  `history` varchar(10) NOT NULL,
  `total_cuti` int(10) NOT NULL,
  `periode_cuti` int(10) NOT NULL
) ENGINE=InnoDB DEFAULT CHARSET=utf8mb4 COLLATE=utf8mb4_general_ci;

--
-- Dumping data for table `batal_cuti_izin`
--

INSERT INTO `batal_cuti_izin` (`id_batal`, `id_izin`, `alasan_batal`, `nik`, `inisial`, `nama`, `departemen`, `izin_awal`, `alasan_izin`, `history`, `total_cuti`, `periode_cuti`) VALUES
(47, 408, 'TIDAK JADI PERGI', '02201710123', 'ASW', 'Aldyanto Setyawan', 'Quality Control', '2024-09-24', 'cuti', '', 1, 2024),
(48, 412, 'Batal Pergi', '02202105002', 'DPA', 'Dini Pisserela', 'Quality Control', '2024-09-24', 'cuti', '', 1, 2024);

-- --------------------------------------------------------

--
-- Table structure for table `cuti_bersama`
--

CREATE TABLE `cuti_bersama` (
  `id` int(11) NOT NULL,
  `tanggal` date NOT NULL,
  `keterangan` varchar(200) NOT NULL,
  `tanggal_awal` date DEFAULT NULL
) ENGINE=InnoDB DEFAULT CHARSET=utf8mb4 COLLATE=utf8mb4_general_ci;

--
-- Dumping data for table `cuti_bersama`
--

INSERT INTO `cuti_bersama` (`id`, `tanggal`, `keterangan`, `tanggal_awal`) VALUES
(72, '2024-09-08', 'weekend', NULL),
(73, '2024-09-14', 'weekend', NULL),
(74, '2024-09-15', 'weekend', NULL),
(75, '2024-09-21', 'weekend', NULL),
(76, '2024-09-22', 'weekend', NULL),
(77, '2024-09-28', 'weekend', NULL),
(78, '2024-09-29', 'weekend', NULL),
(79, '2024-10-05', 'weekend', NULL),
(80, '2024-10-06', 'weekend', NULL),
(81, '2024-10-12', 'weekend', NULL),
(82, '2024-10-13', 'weekend', NULL),
(83, '2024-10-19', 'weekend', NULL),
(84, '2024-10-20', 'weekend', NULL),
(85, '2024-10-26', 'weekend', NULL),
(86, '2024-10-27', 'weekend', NULL),
(87, '2024-11-02', 'weekend', NULL),
(88, '2024-11-03', 'weekend', NULL),
(89, '2024-11-09', 'weekend', NULL),
(90, '2024-11-10', 'weekend', NULL),
(91, '2024-11-16', 'weekend', NULL),
(92, '2024-11-17', 'weekend', NULL),
(93, '2024-11-23', 'weekend', NULL),
(94, '2024-11-24', 'weekend', NULL),
(95, '2024-11-30', 'weekend', NULL),
(96, '2024-12-01', 'weekend', NULL),
(97, '2024-12-07', 'weekend', NULL),
(98, '2024-12-08', 'weekend', NULL),
(99, '2024-12-14', 'weekend', NULL),
(100, '2024-12-15', 'weekend', NULL),
(101, '2024-12-21', 'weekend', NULL),
(102, '2024-12-22', 'weekend', NULL),
(103, '2024-12-28', 'weekend', NULL),
(104, '2024-12-29', 'weekend', NULL),
(105, '2025-01-04', 'weekend', NULL),
(106, '2025-01-05', 'weekend', NULL),
(107, '2025-01-11', 'weekend', NULL),
(108, '2025-01-12', 'weekend', NULL),
(109, '2025-01-18', 'weekend', NULL),
(110, '2025-01-19', 'weekend', NULL),
(111, '2025-01-25', 'weekend', NULL),
(112, '2025-01-26', 'weekend', NULL),
(113, '2025-02-01', 'weekend', NULL),
(114, '2025-02-02', 'weekend', NULL),
(115, '2025-02-08', 'weekend', NULL),
(116, '2025-02-09', 'weekend', NULL),
(117, '2025-02-15', 'weekend', NULL),
(118, '2025-02-16', 'weekend', NULL),
(119, '2025-02-22', 'weekend', NULL),
(120, '2025-02-23', 'weekend', NULL),
(121, '2025-03-01', 'weekend', NULL),
(122, '2025-03-02', 'weekend', NULL),
(123, '2025-03-08', 'weekend', NULL),
(124, '2025-03-09', 'weekend', NULL),
(125, '2025-03-15', 'weekend', NULL),
(126, '2025-03-16', 'weekend', NULL),
(127, '2025-03-22', 'weekend', NULL),
(128, '2025-03-23', 'weekend', NULL),
(129, '2025-03-29', 'weekend', NULL),
(130, '2025-03-30', 'weekend', NULL),
(131, '2025-04-05', 'weekend', NULL),
(132, '2025-04-06', 'weekend', NULL),
(133, '2025-04-12', 'weekend', NULL),
(134, '2025-04-13', 'weekend', NULL),
(135, '2025-04-19', 'weekend', NULL),
(136, '2025-04-20', 'weekend', NULL),
(137, '2025-04-26', 'weekend', NULL),
(138, '2025-04-27', 'weekend', NULL),
(139, '2025-05-03', 'weekend', NULL),
(140, '2025-05-04', 'weekend', NULL),
(141, '2025-05-10', 'weekend', NULL),
(142, '2025-05-11', 'weekend', NULL),
(143, '2025-05-17', 'weekend', NULL),
(144, '2025-05-18', 'weekend', NULL),
(145, '2025-05-24', 'weekend', NULL),
(146, '2025-05-25', 'weekend', NULL),
(147, '2025-05-31', 'weekend', NULL),
(148, '2025-06-01', 'weekend', NULL),
(149, '2025-06-07', 'weekend', NULL),
(150, '2025-06-08', 'weekend', NULL),
(151, '2025-06-14', 'weekend', NULL),
(152, '2025-06-15', 'weekend', NULL),
(153, '2025-06-21', 'weekend', NULL),
(154, '2025-06-22', 'weekend', NULL),
(155, '2025-06-28', 'weekend', NULL),
(156, '2025-06-29', 'weekend', NULL),
(157, '2025-07-05', 'weekend', NULL),
(158, '2025-07-06', 'weekend', NULL),
(159, '2025-07-12', 'weekend', NULL),
(160, '2025-07-13', 'weekend', NULL),
(161, '2025-07-19', 'weekend', NULL),
(162, '2025-07-20', 'weekend', NULL),
(163, '2025-07-26', 'weekend', NULL),
(164, '2025-07-27', 'weekend', NULL),
(165, '2025-08-02', 'weekend', NULL),
(166, '2025-08-03', 'weekend', NULL),
(167, '2025-08-09', 'weekend', NULL),
(168, '2025-08-10', 'weekend', NULL),
(169, '2025-08-16', 'weekend', NULL),
(170, '2025-08-17', 'weekend', NULL),
(171, '2025-08-23', 'weekend', NULL),
(172, '2025-08-24', 'weekend', NULL),
(173, '2025-08-30', 'weekend', NULL),
(174, '2025-08-31', 'weekend', NULL),
(175, '2025-09-06', 'weekend', NULL),
(176, '2025-09-07', 'weekend', NULL),
(177, '2025-09-13', 'weekend', NULL),
(178, '2025-09-14', 'weekend', NULL),
(179, '2025-09-20', 'weekend', NULL),
(180, '2025-09-21', 'weekend', NULL),
(181, '2025-09-27', 'weekend', NULL),
(182, '2025-09-28', 'weekend', NULL),
(183, '2025-10-04', 'weekend', NULL),
(184, '2025-10-05', 'weekend', NULL),
(185, '2025-10-11', 'weekend', NULL),
(186, '2025-10-12', 'weekend', NULL),
(187, '2025-10-18', 'weekend', NULL),
(188, '2025-10-19', 'weekend', NULL),
(189, '2025-10-25', 'weekend', NULL),
(190, '2025-10-26', 'weekend', NULL),
(191, '2025-11-01', 'weekend', NULL),
(192, '2025-11-02', 'weekend', NULL),
(193, '2025-11-08', 'weekend', NULL),
(194, '2025-11-09', 'weekend', NULL),
(195, '2025-11-15', 'weekend', NULL),
(196, '2025-11-16', 'weekend', NULL),
(197, '2025-11-22', 'weekend', NULL),
(198, '2025-11-23', 'weekend', NULL),
(199, '2025-11-29', 'weekend', NULL),
(200, '2025-11-30', 'weekend', NULL),
(201, '2025-12-06', 'weekend', NULL),
(202, '2025-12-07', 'weekend', NULL),
(203, '2025-12-13', 'weekend', NULL),
(204, '2025-12-14', 'weekend', NULL),
(205, '2025-12-20', 'weekend', NULL),
(206, '2025-12-21', 'weekend', NULL),
(207, '2025-12-27', 'weekend', NULL),
(208, '2025-12-28', 'weekend', NULL),
(209, '2026-01-03', 'weekend', NULL),
(210, '2026-01-04', 'weekend', NULL),
(211, '2026-01-10', 'weekend', NULL),
(212, '2026-01-11', 'weekend', NULL),
(213, '2026-01-17', 'weekend', NULL),
(214, '2026-01-18', 'weekend', NULL),
(215, '2026-01-24', 'weekend', NULL),
(216, '2026-01-25', 'weekend', NULL),
(217, '2026-01-31', 'weekend', NULL),
(218, '2026-02-01', 'weekend', NULL),
(219, '2026-02-07', 'weekend', NULL),
(220, '2026-02-08', 'weekend', NULL),
(221, '2026-02-14', 'weekend', NULL),
(222, '2026-02-15', 'weekend', NULL),
(223, '2026-02-21', 'weekend', NULL),
(224, '2026-02-22', 'weekend', NULL),
(225, '2026-02-28', 'weekend', NULL),
(226, '2026-03-01', 'weekend', NULL),
(227, '2026-03-07', 'weekend', NULL),
(228, '2026-03-08', 'weekend', NULL),
(229, '2026-03-14', 'weekend', NULL),
(230, '2026-03-15', 'weekend', NULL),
(231, '2026-03-21', 'weekend', NULL),
(232, '2026-03-22', 'weekend', NULL),
(233, '2026-03-28', 'weekend', NULL),
(234, '2026-03-29', 'weekend', NULL),
(235, '2026-04-04', 'weekend', NULL),
(236, '2026-04-05', 'weekend', NULL),
(237, '2026-04-11', 'weekend', NULL),
(238, '2026-04-12', 'weekend', NULL),
(239, '2026-04-18', 'weekend', NULL),
(240, '2026-04-19', 'weekend', NULL),
(241, '2026-04-25', 'weekend', NULL),
(242, '2026-04-26', 'weekend', NULL),
(243, '2026-05-02', 'weekend', NULL),
(244, '2026-05-03', 'weekend', NULL),
(245, '2026-05-09', 'weekend', NULL),
(246, '2026-05-10', 'weekend', NULL),
(247, '2026-05-16', 'weekend', NULL),
(248, '2026-05-17', 'weekend', NULL),
(249, '2026-05-23', 'weekend', NULL),
(250, '2026-05-24', 'weekend', NULL),
(251, '2026-05-30', 'weekend', NULL),
(252, '2026-05-31', 'weekend', NULL),
(253, '2026-06-06', 'weekend', NULL),
(254, '2026-06-07', 'weekend', NULL),
(255, '2026-06-13', 'weekend', NULL),
(256, '2026-06-14', 'weekend', NULL),
(257, '2026-06-20', 'weekend', NULL),
(258, '2026-06-21', 'weekend', NULL),
(259, '2026-06-27', 'weekend', NULL),
(260, '2026-06-28', 'weekend', NULL),
(261, '2026-07-04', 'weekend', NULL),
(262, '2026-07-05', 'weekend', NULL),
(263, '2026-07-11', 'weekend', NULL),
(264, '2026-07-12', 'weekend', NULL),
(265, '2026-07-18', 'weekend', NULL),
(266, '2026-07-19', 'weekend', NULL),
(267, '2026-07-25', 'weekend', NULL),
(268, '2026-07-26', 'weekend', NULL),
(269, '2026-08-01', 'weekend', NULL),
(270, '2026-08-02', 'weekend', NULL),
(271, '2026-08-08', 'weekend', NULL),
(272, '2026-08-09', 'weekend', NULL),
(273, '2026-08-15', 'weekend', NULL),
(274, '2026-08-16', 'weekend', NULL),
(275, '2026-08-22', 'weekend', NULL),
(276, '2026-08-23', 'weekend', NULL),
(277, '2026-08-29', 'weekend', NULL),
(278, '2026-08-30', 'weekend', NULL),
(279, '2026-09-05', 'weekend', NULL),
(280, '2026-09-06', 'weekend', NULL),
(281, '2026-09-12', 'weekend', NULL),
(282, '2026-09-13', 'weekend', NULL),
(283, '2026-09-19', 'weekend', NULL),
(284, '2026-09-20', 'weekend', NULL),
(285, '2026-09-26', 'weekend', NULL),
(286, '2026-09-27', 'weekend', NULL),
(287, '2026-10-03', 'weekend', NULL),
(288, '2026-10-04', 'weekend', NULL),
(289, '2026-10-10', 'weekend', NULL),
(290, '2026-10-11', 'weekend', NULL),
(291, '2026-10-17', 'weekend', NULL),
(292, '2026-10-18', 'weekend', NULL),
(293, '2026-10-24', 'weekend', NULL),
(294, '2026-10-25', 'weekend', NULL),
(295, '2026-10-31', 'weekend', NULL),
(296, '2026-11-01', 'weekend', NULL),
(297, '2026-11-07', 'weekend', NULL),
(298, '2026-11-08', 'weekend', NULL),
(299, '2026-11-14', 'weekend', NULL),
(300, '2026-11-15', 'weekend', NULL),
(301, '2026-11-21', 'weekend', NULL),
(302, '2026-11-22', 'weekend', NULL),
(303, '2026-11-28', 'weekend', NULL),
(304, '2026-11-29', 'weekend', NULL),
(305, '2026-12-05', 'weekend', NULL),
(306, '2026-12-06', 'weekend', NULL),
(307, '2026-12-12', 'weekend', NULL),
(308, '2026-12-13', 'weekend', NULL),
(309, '2026-12-19', 'weekend', NULL),
(310, '2026-12-20', 'weekend', NULL),
(311, '2026-12-26', 'weekend', NULL),
(312, '2026-12-27', 'weekend', NULL),
(313, '2027-01-02', 'weekend', NULL),
(314, '2027-01-03', 'weekend', NULL),
(315, '2027-01-09', 'weekend', NULL),
(316, '2027-01-10', 'weekend', NULL),
(317, '2027-01-16', 'weekend', NULL),
(318, '2027-01-17', 'weekend', NULL),
(319, '2027-01-23', 'weekend', NULL),
(320, '2027-01-24', 'weekend', NULL),
(321, '2027-01-30', 'weekend', NULL),
(322, '2027-01-31', 'weekend', NULL),
(323, '2027-02-06', 'weekend', NULL),
(324, '2027-02-07', 'weekend', NULL),
(325, '2027-02-13', 'weekend', NULL),
(326, '2027-02-14', 'weekend', NULL),
(327, '2027-02-20', 'weekend', NULL),
(328, '2027-02-21', 'weekend', NULL),
(329, '2027-02-27', 'weekend', NULL),
(330, '2027-02-28', 'weekend', NULL),
(331, '2027-03-06', 'weekend', NULL),
(332, '2027-03-07', 'weekend', NULL),
(333, '2027-03-13', 'weekend', NULL),
(334, '2027-03-14', 'weekend', NULL),
(335, '2027-03-20', 'weekend', NULL),
(336, '2027-03-21', 'weekend', NULL),
(337, '2027-03-27', 'weekend', NULL),
(338, '2027-03-28', 'weekend', NULL),
(339, '2027-04-03', 'weekend', NULL),
(340, '2027-04-04', 'weekend', NULL),
(341, '2027-04-10', 'weekend', NULL),
(342, '2027-04-11', 'weekend', NULL),
(343, '2027-04-17', 'weekend', NULL),
(344, '2027-04-18', 'weekend', NULL),
(345, '2027-04-24', 'weekend', NULL),
(346, '2027-04-25', 'weekend', NULL),
(347, '2027-05-01', 'weekend', NULL),
(348, '2027-05-02', 'weekend', NULL),
(349, '2027-05-08', 'weekend', NULL),
(350, '2027-05-09', 'weekend', NULL),
(351, '2027-05-15', 'weekend', NULL),
(352, '2027-05-16', 'weekend', NULL),
(353, '2027-05-22', 'weekend', NULL),
(354, '2027-05-23', 'weekend', NULL),
(355, '2027-05-29', 'weekend', NULL),
(356, '2027-05-30', 'weekend', NULL),
(357, '2027-06-05', 'weekend', NULL),
(358, '2027-06-06', 'weekend', NULL),
(359, '2027-06-12', 'weekend', NULL),
(360, '2027-06-13', 'weekend', NULL),
(361, '2027-06-19', 'weekend', NULL),
(362, '2027-06-20', 'weekend', NULL),
(363, '2027-06-26', 'weekend', NULL),
(364, '2027-06-27', 'weekend', NULL),
(365, '2027-07-03', 'weekend', NULL),
(366, '2027-07-04', 'weekend', NULL),
(367, '2027-07-10', 'weekend', NULL),
(368, '2027-07-11', 'weekend', NULL),
(369, '2027-07-17', 'weekend', NULL),
(370, '2027-07-18', 'weekend', NULL),
(371, '2027-07-24', 'weekend', NULL),
(372, '2027-07-25', 'weekend', NULL),
(373, '2027-07-31', 'weekend', NULL),
(374, '2027-08-01', 'weekend', NULL),
(375, '2027-08-07', 'weekend', NULL),
(376, '2027-08-08', 'weekend', NULL),
(377, '2027-08-14', 'weekend', NULL),
(378, '2027-08-15', 'weekend', NULL),
(379, '2027-08-21', 'weekend', NULL),
(380, '2027-08-22', 'weekend', NULL),
(381, '2027-08-28', 'weekend', NULL),
(382, '2027-08-29', 'weekend', NULL),
(383, '2027-09-04', 'weekend', NULL),
(384, '2027-09-05', 'weekend', NULL),
(385, '2027-09-11', 'weekend', NULL),
(386, '2027-09-12', 'weekend', NULL),
(387, '2027-09-18', 'weekend', NULL),
(388, '2027-09-19', 'weekend', NULL),
(389, '2027-09-25', 'weekend', NULL),
(390, '2027-09-26', 'weekend', NULL),
(391, '2027-10-02', 'weekend', NULL),
(392, '2027-10-03', 'weekend', NULL),
(393, '2027-10-09', 'weekend', NULL),
(394, '2027-10-10', 'weekend', NULL),
(395, '2027-10-16', 'weekend', NULL),
(396, '2027-10-17', 'weekend', NULL),
(397, '2027-10-23', 'weekend', NULL),
(398, '2027-10-24', 'weekend', NULL),
(399, '2027-10-30', 'weekend', NULL),
(400, '2027-10-31', 'weekend', NULL),
(401, '2027-11-06', 'weekend', NULL),
(402, '2027-11-07', 'weekend', NULL),
(403, '2027-11-13', 'weekend', NULL),
(404, '2027-11-14', 'weekend', NULL),
(405, '2027-11-20', 'weekend', NULL),
(406, '2027-11-21', 'weekend', NULL),
(407, '2027-11-27', 'weekend', NULL),
(408, '2027-11-28', 'weekend', NULL),
(409, '2027-12-04', 'weekend', NULL),
(410, '2027-12-05', 'weekend', NULL),
(411, '2027-12-11', 'weekend', NULL),
(412, '2027-12-12', 'weekend', NULL),
(413, '2027-12-18', 'weekend', NULL),
(414, '2027-12-19', 'weekend', NULL),
(415, '2027-12-25', 'weekend', NULL),
(416, '2027-12-26', 'weekend', NULL),
(417, '2028-01-01', 'weekend', NULL),
(418, '2028-01-02', 'weekend', NULL),
(419, '2028-01-08', 'weekend', NULL),
(420, '2028-01-09', 'weekend', NULL),
(421, '2028-01-15', 'weekend', NULL),
(422, '2028-01-16', 'weekend', NULL),
(423, '2028-01-22', 'weekend', NULL),
(424, '2028-01-23', 'weekend', NULL),
(425, '2028-01-29', 'weekend', NULL),
(426, '2028-01-30', 'weekend', NULL),
(427, '2028-02-05', 'weekend', NULL),
(428, '2028-02-06', 'weekend', NULL),
(429, '2028-02-12', 'weekend', NULL),
(430, '2028-02-13', 'weekend', NULL),
(431, '2028-02-19', 'weekend', NULL),
(432, '2028-02-20', 'weekend', NULL),
(433, '2028-02-26', 'weekend', NULL),
(434, '2028-02-27', 'weekend', NULL),
(435, '2028-03-04', 'weekend', NULL),
(436, '2028-03-05', 'weekend', NULL),
(437, '2028-03-11', 'weekend', NULL),
(438, '2028-03-12', 'weekend', NULL),
(439, '2028-03-18', 'weekend', NULL),
(440, '2028-03-19', 'weekend', NULL),
(441, '2028-03-25', 'weekend', NULL),
(442, '2028-03-26', 'weekend', NULL),
(443, '2028-04-01', 'weekend', NULL),
(444, '2028-04-02', 'weekend', NULL),
(445, '2028-04-08', 'weekend', NULL),
(446, '2028-04-09', 'weekend', NULL),
(447, '2028-04-15', 'weekend', NULL),
(448, '2028-04-16', 'weekend', NULL),
(449, '2028-04-22', 'weekend', NULL),
(450, '2028-04-23', 'weekend', NULL),
(451, '2028-04-29', 'weekend', NULL),
(452, '2028-04-30', 'weekend', NULL),
(453, '2028-05-06', 'weekend', NULL),
(454, '2028-05-07', 'weekend', NULL),
(455, '2028-05-13', 'weekend', NULL),
(456, '2028-05-14', 'weekend', NULL),
(457, '2028-05-20', 'weekend', NULL),
(458, '2028-05-21', 'weekend', NULL),
(459, '2028-05-27', 'weekend', NULL),
(460, '2028-05-28', 'weekend', NULL),
(461, '2028-06-03', 'weekend', NULL),
(462, '2028-06-04', 'weekend', NULL),
(463, '2028-06-10', 'weekend', NULL),
(464, '2028-06-11', 'weekend', NULL),
(465, '2028-06-17', 'weekend', NULL),
(466, '2028-06-18', 'weekend', NULL),
(467, '2028-06-24', 'weekend', NULL),
(468, '2028-06-25', 'weekend', NULL),
(469, '2028-07-01', 'weekend', NULL),
(470, '2028-07-02', 'weekend', NULL),
(471, '2028-07-08', 'weekend', NULL),
(472, '2028-07-09', 'weekend', NULL),
(473, '2028-07-15', 'weekend', NULL),
(474, '2028-07-16', 'weekend', NULL),
(475, '2028-07-22', 'weekend', NULL),
(476, '2028-07-23', 'weekend', NULL),
(477, '2028-07-29', 'weekend', NULL),
(478, '2028-07-30', 'weekend', NULL),
(479, '2028-08-05', 'weekend', NULL),
(480, '2028-08-06', 'weekend', NULL),
(481, '2028-08-12', 'weekend', NULL),
(482, '2028-08-13', 'weekend', NULL),
(483, '2028-08-19', 'weekend', NULL),
(484, '2028-08-20', 'weekend', NULL),
(485, '2028-08-26', 'weekend', NULL),
(486, '2028-08-27', 'weekend', NULL),
(487, '2028-09-02', 'weekend', NULL),
(488, '2028-09-03', 'weekend', NULL),
(489, '2028-09-09', 'weekend', NULL),
(490, '2028-09-10', 'weekend', NULL),
(491, '2028-09-16', 'weekend', NULL),
(492, '2028-09-17', 'weekend', NULL),
(493, '2028-09-23', 'weekend', NULL),
(494, '2028-09-24', 'weekend', NULL),
(495, '2028-09-30', 'weekend', NULL),
(496, '2028-10-01', 'weekend', NULL),
(497, '2028-10-07', 'weekend', NULL),
(498, '2028-10-08', 'weekend', NULL),
(499, '2028-10-14', 'weekend', NULL),
(500, '2028-10-15', 'weekend', NULL),
(501, '2028-10-21', 'weekend', NULL),
(502, '2028-10-22', 'weekend', NULL),
(503, '2028-10-28', 'weekend', NULL),
(504, '2028-10-29', 'weekend', NULL),
(505, '2028-11-04', 'weekend', NULL),
(506, '2028-11-05', 'weekend', NULL),
(507, '2028-11-11', 'weekend', NULL),
(508, '2028-11-12', 'weekend', NULL),
(509, '2028-11-18', 'weekend', NULL),
(510, '2028-11-19', 'weekend', NULL),
(511, '2028-11-25', 'weekend', NULL),
(512, '2028-11-26', 'weekend', NULL),
(513, '2028-12-02', 'weekend', NULL),
(514, '2028-12-03', 'weekend', NULL),
(515, '2028-12-09', 'weekend', NULL),
(516, '2028-12-10', 'weekend', NULL),
(517, '2028-12-16', 'weekend', NULL),
(518, '2028-12-17', 'weekend', NULL),
(519, '2028-12-23', 'weekend', NULL),
(520, '2028-12-24', 'weekend', NULL),
(521, '2028-12-30', 'weekend', NULL),
(522, '2028-12-31', 'weekend', NULL),
(523, '2029-01-06', 'weekend', NULL),
(524, '2029-01-07', 'weekend', NULL),
(525, '2029-01-13', 'weekend', NULL),
(526, '2029-01-14', 'weekend', NULL),
(527, '2029-01-20', 'weekend', NULL),
(528, '2029-01-21', 'weekend', NULL),
(529, '2029-01-27', 'weekend', NULL),
(530, '2029-01-28', 'weekend', NULL),
(531, '2029-02-03', 'weekend', NULL),
(532, '2029-02-04', 'weekend', NULL),
(533, '2029-02-10', 'weekend', NULL),
(534, '2029-02-11', 'weekend', NULL),
(535, '2029-02-17', 'weekend', NULL),
(536, '2029-02-18', 'weekend', NULL),
(537, '2029-02-24', 'weekend', NULL),
(538, '2029-02-25', 'weekend', NULL),
(539, '2029-03-03', 'weekend', NULL),
(540, '2029-03-04', 'weekend', NULL),
(541, '2029-03-10', 'weekend', NULL),
(542, '2029-03-11', 'weekend', NULL),
(543, '2029-03-17', 'weekend', NULL),
(544, '2029-03-18', 'weekend', NULL),
(545, '2029-03-24', 'weekend', NULL),
(546, '2029-03-25', 'weekend', NULL),
(547, '2029-03-31', 'weekend', NULL),
(548, '2029-04-01', 'weekend', NULL),
(549, '2029-04-07', 'weekend', NULL),
(550, '2029-04-08', 'weekend', NULL),
(551, '2029-04-14', 'weekend', NULL),
(552, '2029-04-15', 'weekend', NULL),
(553, '2029-04-21', 'weekend', NULL),
(554, '2029-04-22', 'weekend', NULL),
(555, '2029-04-28', 'weekend', NULL),
(556, '2029-04-29', 'weekend', NULL),
(557, '2029-05-05', 'weekend', NULL),
(558, '2029-05-06', 'weekend', NULL),
(559, '2029-05-12', 'weekend', NULL),
(560, '2029-05-13', 'weekend', NULL),
(561, '2029-05-19', 'weekend', NULL),
(562, '2029-05-20', 'weekend', NULL),
(563, '2029-05-26', 'weekend', NULL),
(564, '2029-05-27', 'weekend', NULL),
(565, '2029-06-02', 'weekend', NULL),
(566, '2029-06-03', 'weekend', NULL),
(567, '2029-06-09', 'weekend', NULL),
(568, '2029-06-10', 'weekend', NULL),
(569, '2029-06-16', 'weekend', NULL),
(570, '2029-06-17', 'weekend', NULL),
(571, '2029-06-23', 'weekend', NULL),
(572, '2029-06-24', 'weekend', NULL),
(573, '2029-06-30', 'weekend', NULL),
(574, '2029-07-01', 'weekend', NULL),
(575, '2029-07-07', 'weekend', NULL),
(576, '2029-07-08', 'weekend', NULL),
(577, '2029-07-14', 'weekend', NULL),
(578, '2029-07-15', 'weekend', NULL),
(579, '2029-07-21', 'weekend', NULL),
(580, '2029-07-22', 'weekend', NULL),
(581, '2029-07-28', 'weekend', NULL),
(582, '2029-07-29', 'weekend', NULL),
(583, '2029-08-04', 'weekend', NULL),
(584, '2029-08-05', 'weekend', NULL),
(585, '2029-08-11', 'weekend', NULL),
(586, '2029-08-12', 'weekend', NULL),
(587, '2029-08-18', 'weekend', NULL),
(588, '2029-08-19', 'weekend', NULL),
(589, '2029-08-25', 'weekend', NULL),
(590, '2029-08-26', 'weekend', NULL),
(591, '2029-09-01', 'weekend', NULL),
(592, '2029-09-02', 'weekend', NULL),
(593, '2029-09-08', 'weekend', NULL),
(594, '2029-09-09', 'weekend', NULL),
(595, '2029-09-15', 'weekend', NULL),
(596, '2029-09-16', 'weekend', NULL),
(597, '2029-09-22', 'weekend', NULL),
(598, '2029-09-23', 'weekend', NULL),
(599, '2029-09-29', 'weekend', NULL),
(600, '2029-09-30', 'weekend', NULL),
(601, '2029-10-06', 'weekend', NULL),
(602, '2029-10-07', 'weekend', NULL),
(603, '2029-10-13', 'weekend', NULL),
(604, '2029-10-14', 'weekend', NULL),
(605, '2029-10-20', 'weekend', NULL),
(606, '2029-10-21', 'weekend', NULL),
(607, '2029-10-27', 'weekend', NULL),
(608, '2029-10-28', 'weekend', NULL),
(609, '2029-11-03', 'weekend', NULL),
(610, '2029-11-04', 'weekend', NULL),
(611, '2029-11-10', 'weekend', NULL),
(612, '2029-11-11', 'weekend', NULL),
(613, '2029-11-17', 'weekend', NULL),
(614, '2029-11-18', 'weekend', NULL),
(615, '2029-11-24', 'weekend', NULL),
(616, '2029-11-25', 'weekend', NULL),
(617, '2029-12-01', 'weekend', NULL),
(618, '2029-12-02', 'weekend', NULL),
(619, '2029-12-08', 'weekend', NULL),
(620, '2029-12-09', 'weekend', NULL),
(621, '2029-12-15', 'weekend', NULL),
(622, '2029-12-16', 'weekend', NULL),
(623, '2029-12-22', 'weekend', NULL),
(624, '2029-12-23', 'weekend', NULL),
(625, '2029-12-29', 'weekend', NULL),
(626, '2029-12-30', 'weekend', NULL),
(627, '2030-01-05', 'weekend', NULL),
(628, '2030-01-06', 'weekend', NULL),
(629, '2030-01-12', 'weekend', NULL),
(630, '2030-01-13', 'weekend', NULL),
(631, '2030-01-19', 'weekend', NULL),
(632, '2030-01-20', 'weekend', NULL),
(633, '2030-01-26', 'weekend', NULL),
(634, '2030-01-27', 'weekend', NULL),
(635, '2030-02-02', 'weekend', NULL),
(636, '2030-02-03', 'weekend', NULL),
(637, '2030-02-09', 'weekend', NULL),
(638, '2030-02-10', 'weekend', NULL),
(639, '2030-02-16', 'weekend', NULL),
(640, '2030-02-17', 'weekend', NULL),
(641, '2030-02-23', 'weekend', NULL),
(642, '2030-02-24', 'weekend', NULL),
(643, '2030-03-02', 'weekend', NULL),
(644, '2030-03-03', 'weekend', NULL),
(645, '2030-03-09', 'weekend', NULL),
(646, '2030-03-10', 'weekend', NULL),
(647, '2030-03-16', 'weekend', NULL),
(648, '2030-03-17', 'weekend', NULL),
(649, '2030-03-23', 'weekend', NULL),
(650, '2030-03-24', 'weekend', NULL),
(651, '2030-03-30', 'weekend', NULL),
(652, '2030-03-31', 'weekend', NULL),
(653, '2030-04-06', 'weekend', NULL),
(654, '2030-04-07', 'weekend', NULL),
(655, '2030-04-13', 'weekend', NULL),
(656, '2030-04-14', 'weekend', NULL),
(657, '2030-04-20', 'weekend', NULL),
(658, '2030-04-21', 'weekend', NULL),
(659, '2030-04-27', 'weekend', NULL),
(660, '2030-04-28', 'weekend', NULL),
(661, '2030-05-04', 'weekend', NULL),
(662, '2030-05-05', 'weekend', NULL),
(663, '2030-05-11', 'weekend', NULL),
(664, '2030-05-12', 'weekend', NULL),
(665, '2030-05-18', 'weekend', NULL),
(666, '2030-05-19', 'weekend', NULL),
(667, '2030-05-25', 'weekend', NULL),
(668, '2030-05-26', 'weekend', NULL),
(669, '2030-06-01', 'weekend', NULL),
(670, '2030-06-02', 'weekend', NULL),
(671, '2030-06-08', 'weekend', NULL),
(672, '2030-06-09', 'weekend', NULL),
(673, '2030-06-15', 'weekend', NULL),
(674, '2030-06-16', 'weekend', NULL),
(675, '2030-06-22', 'weekend', NULL),
(676, '2030-06-23', 'weekend', NULL),
(677, '2030-06-29', 'weekend', NULL),
(678, '2030-06-30', 'weekend', NULL),
(679, '2030-07-06', 'weekend', NULL),
(680, '2030-07-07', 'weekend', NULL),
(681, '2030-07-13', 'weekend', NULL),
(682, '2030-07-14', 'weekend', NULL),
(683, '2030-07-20', 'weekend', NULL),
(684, '2030-07-21', 'weekend', NULL),
(685, '2030-07-27', 'weekend', NULL),
(686, '2030-07-28', 'weekend', NULL),
(687, '2030-08-03', 'weekend', NULL),
(688, '2030-08-04', 'weekend', NULL),
(689, '2030-08-10', 'weekend', NULL),
(690, '2030-08-11', 'weekend', NULL),
(691, '2030-08-17', 'weekend', NULL),
(692, '2030-08-18', 'weekend', NULL),
(693, '2030-08-24', 'weekend', NULL),
(694, '2030-08-25', 'weekend', NULL),
(695, '2030-08-31', 'weekend', NULL),
(696, '2030-09-01', 'weekend', NULL),
(697, '2030-09-07', 'weekend', NULL),
(698, '2030-09-08', 'weekend', NULL),
(699, '2030-09-14', 'weekend', NULL),
(700, '2030-09-15', 'weekend', NULL),
(701, '2030-09-21', 'weekend', NULL),
(702, '2030-09-22', 'weekend', NULL),
(703, '2030-09-28', 'weekend', NULL),
(704, '2030-09-29', 'weekend', NULL),
(705, '2030-10-05', 'weekend', NULL),
(706, '2030-10-06', 'weekend', NULL),
(707, '2030-10-12', 'weekend', NULL),
(708, '2030-10-13', 'weekend', NULL),
(709, '2030-10-19', 'weekend', NULL),
(710, '2030-10-20', 'weekend', NULL),
(711, '2030-10-26', 'weekend', NULL),
(712, '2030-10-27', 'weekend', NULL),
(713, '2030-11-02', 'weekend', NULL),
(714, '2030-11-03', 'weekend', NULL),
(715, '2030-11-09', 'weekend', NULL),
(716, '2030-11-10', 'weekend', NULL),
(717, '2030-11-16', 'weekend', NULL),
(718, '2030-11-17', 'weekend', NULL),
(719, '2030-11-23', 'weekend', NULL),
(720, '2030-11-24', 'weekend', NULL),
(721, '2030-11-30', 'weekend', NULL),
(722, '2030-12-01', 'weekend', NULL),
(723, '2030-12-07', 'weekend', NULL),
(724, '2030-12-08', 'weekend', NULL),
(725, '2030-12-14', 'weekend', NULL),
(726, '2030-12-15', 'weekend', NULL),
(727, '2030-12-21', 'weekend', NULL),
(728, '2030-12-22', 'weekend', NULL),
(729, '2030-12-28', 'weekend', NULL),
(730, '2030-12-29', 'weekend', NULL);

-- --------------------------------------------------------

--
-- Table structure for table `hak_cuti`
--

CREATE TABLE `hak_cuti` (
  `id_hc` int(11) NOT NULL,
  `periode` varchar(10) DEFAULT NULL,
  `jatah_cuti` int(10) NOT NULL,
  `jatah_security` int(10) NOT NULL,
  `jatah_karyawan_baru` int(10) NOT NULL
) ENGINE=InnoDB DEFAULT CHARSET=utf8mb4 COLLATE=utf8mb4_general_ci;

--
-- Dumping data for table `hak_cuti`
--

INSERT INTO `hak_cuti` (`id_hc`, `periode`, `jatah_cuti`, `jatah_security`, `jatah_karyawan_baru`) VALUES
(50, '2024', 9, 12, 0),
(51, '2025', 10, 12, 0);

-- --------------------------------------------------------

--
-- Table structure for table `surat_izin`
--

CREATE TABLE `surat_izin` (
  `id_izin` int(5) NOT NULL,
  `nik` varchar(100) NOT NULL,
  `inisial` varchar(100) DEFAULT NULL,
  `nama` varchar(255) NOT NULL,
  `sisa_cuti` int(10) NOT NULL,
  `periode_cuti` varchar(100) NOT NULL,
  `total_cuti` int(10) NOT NULL,
  `tanggal_dibuat` datetime NOT NULL DEFAULT current_timestamp(),
  `departemen` varchar(255) NOT NULL,
  `level` int(11) NOT NULL,
  `alasan_izin` varchar(200) NOT NULL,
  `sub_alasan` varchar(200) NOT NULL,
  `izin_awal` varchar(255) DEFAULT NULL,
  `izin_akhir` varchar(255) DEFAULT NULL,
  `izin_awal2` varchar(100) DEFAULT NULL,
  `izin_akhir2` varchar(255) DEFAULT NULL,
  `tgl_masuk_kerja` varchar(100) NOT NULL,
  `keterangan` varchar(200) DEFAULT NULL,
  `kendaraan` varchar(200) DEFAULT NULL,
  `pengemudi` varchar(200) DEFAULT NULL,
  `approval1` varchar(100) DEFAULT NULL,
  `approval2` varchar(100) DEFAULT NULL,
  `atasan` varchar(100) DEFAULT NULL,
  `telp` varchar(20) DEFAULT NULL,
  `alamat` varchar(200) DEFAULT NULL
) ENGINE=InnoDB DEFAULT CHARSET=utf8mb4 COLLATE=utf8mb4_general_ci;

--
-- Dumping data for table `surat_izin`
--

INSERT INTO `surat_izin` (`id_izin`, `nik`, `inisial`, `nama`, `sisa_cuti`, `periode_cuti`, `total_cuti`, `tanggal_dibuat`, `departemen`, `level`, `alasan_izin`, `sub_alasan`, `izin_awal`, `izin_akhir`, `izin_awal2`, `izin_akhir2`, `tgl_masuk_kerja`, `keterangan`, `kendaraan`, `pengemudi`, `approval1`, `approval2`, `atasan`, `telp`, `alamat`) VALUES
(408, '02201710123', 'ASW', 'Aldyanto Setyawan', 6, '2024', 1, '2024-09-22 17:23:03', 'Quality Control', 1, 'cuti', '', '2024-09-24', NULL, NULL, NULL, '2024-09-25', 'PRIBADI', NULL, NULL, '1', NULL, 'NPI', '083833347666', 'JOMBANGAN'),
(409, '02201204001', 'APO', 'Antonius Poerwoko', 0, '', 0, '2024-09-22 18:21:19', 'Purchasing', 3, 'pulang lebih awal', '15:00', '2024-09-23', NULL, NULL, NULL, '', 'Keperluan keluarga', 'Sendiri', 'Sendiri', '1', '1', 'HKO', NULL, NULL),
(410, '02202105002', 'DPA', 'Dini Pisserela', 0, '', 0, '2024-09-22 18:41:54', 'Quality Control', 2, 'pulang lebih awal', '12:30', '2024-09-23', NULL, NULL, NULL, '', 'Keperluan Pribadi', 'Motor', 'Sendiri', '1', '1', 'RPA', NULL, NULL),
(411, '02201910002', 'SUO', 'Supriyanto', 0, '', 0, '2024-09-22 18:48:47', 'PPIC', 1, 'pulang lebih awal', '13:00', '2024-09-23', NULL, NULL, NULL, '', 'MENGANTAR ANAK KONTROL KE RS', 'PRIBADI', 'PRIBADI', '1', '1', 'GTA', NULL, NULL),
(412, '02202105002', 'DPA', 'Dini Pisserela', 5, '2024', 1, '2024-09-22 18:49:17', 'Quality Control', 2, 'cuti', '', '2024-09-24', NULL, NULL, NULL, '2024-09-25', 'PRIBADI', NULL, NULL, '1', NULL, 'RPA', '089518747993', 'JOGJA'),
(413, '02201309001', 'REN', 'Raden Edy Nurcahyo', 4, '2024', 1, '2024-09-22 19:06:47', 'PPIC', 1, 'cuti', '', '2024-10-28', NULL, NULL, NULL, '2024-10-29', 'ACARA KELUARGA', NULL, NULL, NULL, NULL, NULL, '08994103365', 'KEPARAKAN LOR MGI/757 YK'),
(414, '02202011017', 'FSA', 'Fanni Saputra', 4, '2024', 1, '2024-09-22 19:12:52', 'PPIC', 1, 'cuti', '', '2024-09-24', NULL, NULL, NULL, '2024-09-25', 'ACARA KELUARGA', NULL, NULL, '1', NULL, 'GTA', '089503097872', 'TONDANAN SANGGRAHAN PRAMBANAN KLATEN'),
(415, '02201507001', 'SMN', 'Septi Mega Nanda', 4, '2024', 1, '2024-09-22 19:18:10', 'PPIC', 1, 'cuti', '', '2024-09-24', NULL, NULL, NULL, '2024-09-25', 'Terapi', NULL, NULL, '1', NULL, 'FNI', '089673897747', 'Ngawi, Jawa Timur'),
(417, '02201910004', 'FRC', 'Febrian Rezki Chris Susanto', 0, '', 0, '2024-09-22 19:20:24', 'PPIC', 1, 'pulang lebih awal', '13:00', '2024-09-23', NULL, NULL, NULL, '', 'CEK KESEHATAN KPPS', 'MOTOR', 'PRIBADI', '1', '1', 'GTA', NULL, NULL),
(418, '02202102005', 'ASO', 'Afiana Suroto', 0, '', 0, '2024-09-22 19:21:31', 'Quality Assurance', 1, 'datang terlambat', '08:53', '2024-09-23', NULL, NULL, NULL, '', 'Cek kesehatan untuk KPPS', 'Sepeda motor', 'Afiana Suroto', '1', '1', 'REP', NULL, NULL),
(419, '02201702005', 'REP', 'Reza Eka Putra', 6, '2024', 1, '2024-09-22 19:27:55', 'Quality Assurance', 2, 'cuti', '', '2024-09-30', NULL, NULL, NULL, '2024-10-01', 'Keperluan pribadi', NULL, NULL, NULL, NULL, NULL, '085799760091', 'Klurak, Kalasan'),
(420, '02201207001', 'RPA', 'Y. Rizaqa Prema Arsyto', 0, '', 0, '2024-09-22 19:48:19', 'Quality Control', 3, 'pulang lebih awal', '13:00', '2024-09-23', NULL, NULL, NULL, '', 'Keperluan pribadi', 'Mobil', 'Pribadi', '1', '1', 'HKO', NULL, NULL),
(421, '02202003002', 'AIS', 'Adi Irawan Septiyanto', 0, '', 0, '2024-09-22 21:06:47', 'Finance & Accounting', 1, 'datang terlambat', '10:41', '2024-09-23', NULL, NULL, NULL, '', 'Ke NBS ambil dokumen, OCBC ambil cek dan mengantar dokumen, dan Bank Mandiri melakukan tarik dan setor tunai CN Dokter\r\n', 'Motor', 'Adi Irawan', '1', '1', 'DBT', NULL, NULL),
(422, '02202102001', 'RIN', 'RR. AM Itut Nugrahani, SE', 4, '2024', 1, '2024-09-22 22:59:35', 'Finance & Accounting', 1, 'cuti', '', '2024-09-27', NULL, NULL, NULL, '2024-09-30', 'ACARA KELUARGA', NULL, NULL, '1', NULL, 'DBT', '0818366168', 'JL GAMBIRAN 57 YOGYA'),
(423, '02201909001', 'SNH', 'Sri Ningrum Handayani', 7, '2024', 1, '2024-09-23 00:19:26', 'HR & GA', 1, 'cuti', '', '2024-09-24', NULL, NULL, NULL, '2024-09-25', 'urus ktp', NULL, NULL, '1', NULL, 'AWK', '085326994170', 'ngangkruk rt002/rw005 sumberejo klaten selatan');

-- --------------------------------------------------------

--
-- Table structure for table `tb_sisa_cuti`
--

CREATE TABLE `tb_sisa_cuti` (
  `id_sisa_cuti` int(100) NOT NULL,
  `nik` varchar(100) NOT NULL,
  `nama` varchar(100) NOT NULL,
  `periode` varchar(10) NOT NULL,
  `sisa_cuti` int(10) NOT NULL,
  `jabatan` varchar(100) NOT NULL,
  `departemen` varchar(100) NOT NULL,
  `tgl_join` varchar(10) NOT NULL
) ENGINE=InnoDB DEFAULT CHARSET=utf8mb4 COLLATE=utf8mb4_general_ci;

--
-- Dumping data for table `tb_sisa_cuti`
--

INSERT INTO `tb_sisa_cuti` (`id_sisa_cuti`, `nik`, `nama`, `periode`, `sisa_cuti`, `jabatan`, `departemen`, `tgl_join`) VALUES
(1, '02201807001', 'Haryadi Kusmantoro', '2024', 5, 'Plant Manager', 'Directorate', '16-Jul-18'),
(2, '02201112001', 'Resi Hudoko', '2024', 8, 'Engineering Manager', 'Engineering', '12-Dec-11'),
(3, '02201209004', 'Aditya Agus Listyanto', '2024', 7, 'Engineering Staff', 'Engineering', '26-Sep-12'),
(4, '02201308002', 'Sumardi', '2024', 5, 'Engineering Staff', 'Engineering', '26-Aug-13'),
(5, '02201708007', 'Erwan Wibowo', '2024', 9, 'Engineering Staff', 'Engineering', '21-Aug-17'),
(6, '02201708008', 'Dani Dwi Wahyudi', '2024', 4, 'Utility Staff', 'Engineering', '21-Aug-17'),
(7, '02201709001', 'Febi Irawan', '2024', 8, 'Maintenance Supervisor', 'Engineering', '04-Sep-17'),
(8, '02201710021', 'Nova Sulistyo Saputro', '2024', 9, 'Maintenance Staff', 'Engineering', '10-Oct-17'),
(9, '02201903003', 'Ahmadi', '2024', 5, 'Utility Supervisor', 'Engineering', '21-Mar-19'),
(10, '02201904014', 'Rian Febry Suryanto', '2024', 9, 'Maintenance Staff', 'Engineering', '17-Feb-16'),
(11, '02202001004', 'Ag. Wahyu Fajar Kristanto', '2024', 8, 'Maintenance Staff', 'Engineering', '21-Jan-20'),
(12, '02202002003', 'Dwi Mardiningsih', '2024', 5, 'Environment & Adm. Staff', 'Engineering', '21-Feb-20'),
(13, '02202305002', 'Dyan Ahmad Sya\'roni', '2024', 4, 'Utility Staff', 'Engineering', '22-May-23'),
(14, '02201312001', 'Oki Anggoro Librian', '2024', 8, 'HR & GA Manager', 'HR & GA', '02-Dec-13'),
(15, '02201705001', 'Rakijan', '2024', 9, 'HSE Manager', 'HR & GA', '02-May-17'),
(16, '02201212001', 'Albertus Widhi Kurniawan', '2024', 6, 'GA Supervisor', 'HR & GA', '26-Dec-12'),
(17, '02201411001', 'Indri Astuti', '2024', 8, 'HR Supervisor', 'HR & GA', '03-Nov-14'),
(18, '02201201001', 'Dedy Rusmiyanto', '2024', 7, 'OB', 'HR & GA', '04-Jan-12'),
(19, '02201211001', 'Anang Prasetiya', '2024', 11, 'Security', 'HR & GA', '05-Nov-12'),
(20, '02201211002', 'Andri Triyanto', '2024', 8, 'Security', 'HR & GA', '05-Nov-12'),
(21, '02201211003', 'Bambang Slamet Riyadi', '2024', 0, 'Security', 'HR & GA', '05-Nov-12'),
(22, '02201211004', 'Nanang Setyo Nugroho', '2024', 11, 'Security', 'HR & GA', '05-Nov-12'),
(23, '02201211005', 'Suranto', '2024', 11, 'Security', 'HR & GA', '05-Nov-12'),
(24, '02201211008', 'Wisnu Sulistyo Adi Wibowo', '2024', 10, 'Security', 'HR & GA', '05-Nov-12'),
(25, '02201308001', 'Heri Suharto', '2024', 10, 'Security', 'HR & GA', '26-Aug-13'),
(26, '02201405004', 'Agus Nugraha Setyabudi', '2024', 7, 'Gardener', 'HR & GA', '26-May-14'),
(27, '02201406001', 'Hanung Ragil P.', '2024', 7, 'Gardener', 'HR & GA', '04-Jun-14'),
(28, '02201408010', 'Sihandani', '2024', 8, 'Gardener', 'HR & GA', '27-Aug-14'),
(29, '02201410001', 'Idi Santosa', '2024', 5, 'Driver', 'HR & GA', '03-Oct-14'),
(30, '02201704001', 'Ratri Suprapto', '2024', 2, 'Maintenance', 'HR & GA', '03-Apr-17'),
(31, '02201707004', 'Surono', '2024', 8, 'Security', 'HR & GA', '21-Jul-17'),
(32, '02201711007', 'Iswahyudi', '2024', 9, 'OB', 'HR & GA', '06-Nov-17'),
(33, '02201711008', 'Marsono', '2024', 9, 'Maintenance', 'HR & GA', '06-Nov-17'),
(34, '02201711046', 'Nur Istiqomah', '2024', 8, 'Security', 'HR & GA', '27-Nov-17'),
(35, '02201808001', 'Zamzam Satriyo', '2024', 0, 'Security', 'HR & GA', '21-Aug-18'),
(36, '02201812001', 'Octaviani Darsanti Putri', '2024', 5, 'HR & GA Staff', 'HR & GA', '21-Dec-18'),
(37, '02201812002', 'Deandra Kusuma Ariefka', '2024', 9, 'HR & GA Staff', 'HR & GA', '21-Dec-18'),
(38, '02201209002', 'Erli Setyawan', '2024', 6, 'Maintenance', 'HR & GA', '10-Sep-12'),
(39, '02201909001', 'Sri Ningrum Handayani', '2024', 7, 'General Services', 'HR & GA', '05-Sep-19'),
(40, '02200405001', 'Agustinus Istar Abadi', '2024', 6, 'Driver', 'HR & GA', '01-May-04'),
(41, '02202204001', 'Gandung Verdina Wibisono', '2024', 3, 'HSE Staff', 'HR & GA', '01-Apr-22'),
(42, '02202207005', 'Edi Sulistiyo', '2024', 9, 'Security', 'HR & GA', '21-Jul-22'),
(43, '02201710027', 'Andang Budianto', '2024', 8, 'IT Supervisor', 'IT', '11-Oct-17'),
(44, '02200805001', 'Guido Rangga Respati', '2024', 4, 'PPIC Manager', 'PPIC', '05-May-08'),
(45, '02201110001', 'Dion Arga Anggayasta', '2024', 9, 'Material Planner Supervisor', 'PPIC', '01-Oct-11'),
(46, '02201408007', 'Valentinus Dian Budi Kuncoro', '2024', 6, 'RM PM Warehouse Supervisor', 'PPIC', '04-Aug-14'),
(47, '02201404001', 'Florentina Noviani', '2024', 3, 'Production Planner Supervisor', 'PPIC', '01-Apr-14'),
(48, '02201408003', 'Desita Indrawati', '2024', 6, 'Unit of Weighing ', 'PPIC', '04-Aug-14'),
(49, '02200905001', 'Menik Giarni', '2024', 7, 'Weighing Cordinator', 'PPIC', '12-May-09'),
(50, '02201603002', 'Dian Indri Setyawati', '2024', 5, 'RM PM Adm. Staff', 'PPIC', '07-Mar-16'),
(51, '02201107001', 'Eko Yunanto', '2024', 5, 'Operator', 'PPIC', '26-Jul-11'),
(52, '02201311001', 'Heri Pamungkas', '2024', 8, 'Operator', 'PPIC', '12-Nov-13'),
(53, '02201408006', 'Tri Purwanto', '2024', 3, 'Operator', 'PPIC', '04-Aug-14'),
(54, '02201408002', 'Dedy Andi Jatmiko', '2024', 5, 'Operator', 'PPIC', '04-Aug-14'),
(55, '02201408004', 'Endar Afrili Damara DS', '2024', 0, 'Operator', 'PPIC', '04-Aug-14'),
(56, '02201507001', 'Septi Mega Nanda', '2024', 4, 'Operator', 'PPIC', '14-Jul-15'),
(57, '02201507012', 'Rosyid Amrudin', '2024', 5, 'Operator', 'PPIC', '27-Jul-15'),
(58, '02201601001', 'Setyawan Kusuma Yuda', '2024', 0, 'Operator', 'PPIC', '04-Jan-16'),
(59, '02201603001', 'Arganda Pramudya Pribadi', '2024', 7, 'Operator', 'PPIC', '07-Mar-16'),
(60, '02201708010', 'Pursangkara Indriya Wicaksana', '2024', 5, 'RM PM Adm. Staff', 'PPIC', '21-Aug-17'),
(61, '02201709005', 'Guntur Bayu Dwi Cahyo', '2024', 4, 'Operator', 'PPIC', '06-Sep-17'),
(62, '02201709020', 'Heri Setiawan', '2024', 3, 'Operator ', 'PPIC', '22-Sep-17'),
(63, '02201709046', 'Andri Setiawan', '2024', 7, 'Operator', 'PPIC', '29-Sep-17'),
(64, '02201709047', 'Wirayanto Dwi Satriyo', '2024', 5, 'Operator', 'PPIC', '29-Sep-17'),
(65, '02201710015', 'Nurdin Susanto', '2024', 4, 'Operator', 'PPIC', '06-Oct-17'),
(66, '02201710016', 'Mochtarom Gozali', '2024', 4, 'Operator', 'PPIC', '06-Oct-17'),
(67, '02201710075', 'Roni Ady Susanto', '2024', 4, 'Operator', 'PPIC', '23-Oct-17'),
(68, '02201710079', 'Setya Budiyana', '2024', 7, 'Operator', 'PPIC', '23-Oct-17'),
(69, '02201710080', 'Suhaedi', '2024', 2, 'Operator', 'PPIC', '23-Oct-17'),
(70, '02201710085', 'Wahyu Sukma Nalibrata', '2024', 0, 'Operator', 'PPIC', '23-Oct-17'),
(71, '02201711043', 'Hafid Arief Utomo', '2024', 0, 'Operator', 'PPIC', '27-Nov-17'),
(72, '02201610002', 'Juli Setiawan', '2024', 2, 'Operator', 'PPIC', '05-Oct-16'),
(73, '02202305001', 'Heri Susanto', '2024', 1, 'Operator', 'PPIC', '22-May-23'),
(74, '02202310005', 'Hendri Martanto', '2024', 0, 'Operator', 'PPIC', '25-Oct-23'),
(75, '02201910001', 'Putri Wulandari', '2024', 8, 'APJ PBF & FG Supervisor', 'PPIC', '01-Oct-19'),
(76, '02201408005', 'Gina Theresia', '2024', 9, 'Demand Planner Supervisor', 'PPIC', '04-Aug-14'),
(77, '02201712044', 'Devi Ayu Wulandari', '2024', 2, 'FG Adm. Staff', 'PPIC', '21-Dec-17'),
(78, '02201310001', 'Joko Priyanto', '2024', 5, 'Operator', 'PPIC', '04-Oct-13'),
(79, '02201310002', 'Achmad Hidayat', '2024', 9, 'Operator', 'PPIC', '11-Oct-13'),
(80, '02201209003', 'Mardianto', '2024', 1, 'Operator', 'PPIC', '10-Sep-12'),
(81, '02201309001', 'R. Edy Nurcahyo', '2024', 4, 'Operator', 'PPIC', '02-Sep-13'),
(82, '02201506007', 'Dwi Mardiyanto', '2024', 7, 'Operator', 'PPIC', '18-Jun-15'),
(83, '02201506008', 'Sarwoto Cahyo Untoro', '2024', 3, 'Operator', 'PPIC', '18-Jun-15'),
(84, '02201506012', 'Pangaribowo Eko Priyasmoro', '2024', 8, 'FG Adm. Staff', 'PPIC', '26-Jun-15'),
(85, '02201507003', 'Abu Isnawan', '2024', 8, 'Operator', 'PPIC', '27-Jul-15'),
(86, '02201709011', 'Rhama Eka Aditya', '2024', 6, 'Operator', 'PPIC', '11-Sep-17'),
(87, '02201709012', 'Dendy Bagus Prastyawan', '2024', 7, 'Operator', 'PPIC', '11-Sep-17'),
(88, '02201709013', 'Lantip Gunawan', '2024', 3, 'Operator', 'PPIC', '11-Sep-17'),
(89, '02201709019', 'Suhono', '2024', 2, 'Operator', 'PPIC', '22-Sep-17'),
(90, '02201408001', 'Andy Prasetyono', '2024', 7, 'Weighing Cordinator', 'PPIC', '04-Aug-14'),
(91, '02201902009', 'Agata Kristiana', '2024', 7, 'RM PM Adm. Staff', 'PPIC', '21-Feb-19'),
(92, '02201910002', 'Supriyanto', '2024', 6, 'Operator', 'PPIC', '21-Oct-19'),
(93, '02201910003', 'Purdaka', '2024', 6, 'Operator', 'PPIC', '21-Oct-19'),
(94, '02201910005', 'Imam Fauzi', '2024', 5, 'FG Adm. Staff', 'PPIC', '21-Oct-19'),
(95, '02202001003', 'Purwanto', '2024', 6, 'Operator', 'PPIC', '21-Jan-20'),
(96, '02202011017', 'Fanni Saputra', '2024', 4, 'Operator', 'PPIC', '23-Nov-20'),
(97, '02202011018', 'Agus Darwanto', '2024', 5, 'Operator', 'PPIC', '23-Nov-20'),
(98, '02202106001', 'Widiyono', '2024', 9, 'Operator', 'PPIC', '21-Jun-21'),
(99, '02202111001', 'Nurisma Safitri', '2024', 8, 'FG Adm. Staff', 'PPIC', '08-Nov-21'),
(100, '02202306001', 'Akhirani Kartika Krisnamukti', '2024', 3, 'FG Adm. Staff', 'PPIC', '05-Jun-23'),
(101, '02202307004', 'Saridewi', '2024', 2, 'FG Adm. Staff', 'PPIC', '21-Jul-23'),
(102, '02202308002', 'Wahyu Setiawan', '2024', 1, 'FG Adm. Staff', 'PPIC', '21-Aug-23'),
(103, '02202310004', 'Wisnu Anugrah Purna B.', '2024', 0, 'FG Adm. Staff', 'PPIC', '23-Oct-23'),
(104, '02201910004', 'Febrian Rezki Chris Susanto', '2024', 4, 'Operator ', 'PPIC', '21-Oct-19'),
(105, '02201912004', 'Dhoni Kuswanto', '2024', 1, 'Operator', 'PPIC', '23-Dec-19'),
(106, '02202104002', 'Rustamaji', '2024', 2, 'Operator PBF', 'PBF', '27-Nov-14'),
(107, '02202104003', 'Tommy Jayanto', '2024', 0, 'Operator PBF', 'PBF', '27-Nov-14'),
(108, '02202104004', 'Ari Sunarto', '2024', 8, 'Operator PBF', 'PBF', '13-Oct-10'),
(109, '02202207013', 'Henry Ahmad Fahrudin', '2024', 8, 'Operator PBF/FG', 'PBF', '22-Jul-22'),
(110, '02202101001', 'Dwi Wahyu', '2024', 6, 'Operator', 'PBF', '09-Jan-12'),
(111, '02202208002', 'Noreza Aurin Josinda', '2024', 8, 'Admin PBF', 'PBF', '01-Aug-22'),
(112, '02201204002', 'Susy Herawati', '2024', 9, 'Production Manager', 'Production', '02-Apr-12'),
(113, '02201304001', 'Rukmini', '2024', 3, 'Production Adm. Staff', 'Production', '26-Apr-13'),
(114, '02201406002', 'Paulus Ardy Susanto', '2024', 5, 'Cordinator Grey Area', 'Production', '26-Jun-14'),
(115, '02201409002', 'Muhammad Arif Fachrudin', '2024', 7, 'Cordinator Grey Area', 'Production', '26-Sep-14'),
(116, '02201410004', 'Wawan Ardi Kuncoro', '2024', 6, 'Cordinator Black Area', 'Production', '27-Oct-14'),
(117, '02201411002', 'Aditya Feri Wardani', '2024', 8, 'Cordinator Grey Area', 'Production', '26-Nov-14'),
(118, '02201504001', 'Haryadi', '2024', 8, 'Junior Supervisor Produksi', 'Production', '27-Apr-15'),
(119, '02201504002', 'Iqwan Buqori', '2024', 7, 'Junior Supervisor Produksi', 'Production', '27-Apr-15'),
(120, '02201504003', 'Muhammad Yuda Maulana', '2024', 4, 'Cordinator Black Area', 'Production', '27-Apr-15'),
(121, '02201505001', 'Eko Setio Wibowo', '2024', 5, 'Operator', 'Production', '26-May-15'),
(122, '02201505002', 'Septo Bintoro', '2024', 2, 'Operator', 'Production', '26-May-15'),
(123, '02201505003', 'Sugeng Riyanto', '2024', 4, 'Operator', 'Production', '26-May-15'),
(124, '02201506006', 'Fendi Kurniawan', '2024', 3, 'Operator', 'Production', '10-Jun-15'),
(125, '02201506009', 'Asihono', '2024', 5, 'Operator', 'Production', '26-Jun-15'),
(126, '02201506013', 'Teguh Santoso', '2024', 7, 'Operator', 'Production', '26-Jun-15'),
(127, '02201507007', 'Erni Hidayanti', '2024', 6, 'Production Adm. Staff', 'Production', '27-Jul-15'),
(128, '02201507008', 'Kasno Nugroho', '2024', 4, 'Cordinator Black Area', 'Production', '27-Jul-15'),
(129, '02201507013', 'Shintya Wedha Maharani', '2024', 7, 'Senior Production Supervisor', 'Production', '27-Jul-15'),
(130, '02201508002', 'Datut Nur Pratiwi', '2024', 2, 'Production Adm. Staff', 'Production', '26-Aug-15'),
(131, '02201508003', 'Eko Ari Susilo', '2024', 2, 'Operator', 'Production', '26-Aug-15'),
(132, '02201508005', 'Ragil Sutarsih', '2024', 4, 'Operator', 'Production', '26-Aug-15'),
(133, '02201508006', 'Triadi', '2024', 5, 'Operator', 'Production', '26-Aug-15'),
(134, '02201609003', 'Azis Febrianto', '2024', 3, 'Operator', 'Production', '13-Sep-16'),
(135, '02201610004', 'Paulus Pebria Setyawan', '2024', 6, 'Operator', 'Production', '21-Oct-16'),
(136, '02201708001', 'Ervan Finanto', '2024', 4, 'Operator', 'Production', '07-Aug-17'),
(137, '02201708002', 'Hendra Aji Nugroho', '2024', 3, 'Operator', 'Production', '07-Aug-17'),
(138, '02201708013', 'Rio Dwi Santosa', '2024', 7, 'Operator', 'Production', '28-Aug-17'),
(139, '02201708014', 'Yuswantoro', '2024', 5, 'Operator', 'Production', '28-Aug-17'),
(140, '02201709003', 'Eko Purnomo', '2024', 7, 'Operator', 'Production', '06-Sep-17'),
(141, '02201709015', 'Ervan Setyadi', '2024', 4, 'Operator', 'Production', '22-Sep-17'),
(142, '02201709016', 'Chairodin Saleh', '2024', 4, 'Operator', 'Production', '22-Sep-17'),
(143, '02201709022', 'Danang Febriyanto', '2024', 5, 'Operator', 'Production', '22-Sep-17'),
(144, '02201709024', 'Amin Riyadi', '2024', 3, 'Operator', 'Production', '22-Sep-17'),
(145, '02201709027', 'Erico Ayang Prihatin', '2024', 2, 'Operator', 'Production', '22-Sep-17'),
(146, '02201709049', 'Bens Winantyo Adi Rahayu', '2024', 3, 'Operator', 'Production', '29-Sep-17'),
(147, '02201710008', 'Fajar Eko Hermawan', '2024', 2, 'Operator', 'Production', '04-Oct-17'),
(148, '02201710013', 'Erwin Nurcahyo', '2024', 2, 'Operator', 'Production', '06-Oct-17'),
(149, '02201710019', 'Hendika Aldi Pratama', '2024', 4, 'Operator', 'Production', '09-Oct-17'),
(150, '02201710023', 'Angga Oktafa', '2024', 7, 'Operator', 'Production', '10-Oct-17'),
(151, '02201710046', 'Sinta Adeliana Suparno', '2024', 2, 'Operator', 'Production', '19-Oct-17'),
(152, '02201710083', 'Hestiya Zelfiana', '2024', 6, 'Operator', 'Production', '23-Oct-17'),
(153, '02201710097', 'Siti Nur Fitriana Febrianti', '2024', 5, 'Operator', 'Production', '24-Oct-17'),
(154, '02201710114', 'Xalinda Amy Sepviana', '2024', 5, 'Production Adm. Staff', 'Production', '25-Oct-17'),
(155, '02201711015', 'Ekanius', '2024', 3, 'Operator', 'Production', '17-Nov-17'),
(156, '02201711019', 'Petrus Bimo', '2024', 3, 'Cordinator Grey Area', 'Production', '21-Nov-17'),
(157, '02201711030', 'Ahmad Baihaqi', '2024', 2, 'Operator', 'Production', '24-Nov-17'),
(158, '02201711035', 'Hari Laksono', '2024', 7, 'Operator', 'Production', '24-Nov-17'),
(159, '02201711039', 'Toto Tranoko', '2024', 3, 'Operator', 'Production', '24-Nov-17'),
(160, '02201712003', 'Hiasintus Adi Risanta', '2024', 4, 'Operator', 'Production', '12-Dec-17'),
(161, '02201712008', 'Dedi Setiawan', '2024', 9, 'Operator', 'Production', '21-Dec-17'),
(162, '02201712011', 'Joko Wijanarko', '2024', 7, 'Operator', 'Production', '21-Dec-17'),
(163, '02201712026', 'Ibnu Widodo', '2024', 3, 'Operator', 'Production', '21-Dec-17'),
(164, '02201712038', 'Nova Feri Nur Rahman', '2024', 7, 'Operator', 'Production', '21-Dec-17'),
(165, '02201903004', 'Dewi Fitri Astuti', '2024', 2, 'Operator', 'Production', '21-Mar-19'),
(166, '02201906010', 'Heny Uswatun', '2024', 5, 'Operator', 'Production', '21-Jun-19'),
(167, '02201906012', 'Desy Novita Permadani', '2024', 6, 'Operator', 'Production', '21-Jun-19'),
(168, '02201907008', 'Sugeng Widodo', '2024', 7, 'Operator', 'Production', '21-Aug-19'),
(169, '02201907009', 'Agus Basuki', '2024', 3, 'Operator', 'Production', '21-Aug-19'),
(170, '02201907010', 'Laras Putrianingsih', '2024', 1, 'Operator', 'Production', '21-Aug-19'),
(171, '02201912005', 'Maryanto', '2024', 7, 'Operator ', 'Production', '26-Apr-12'),
(172, '02202001002', 'Sri Makmur', '2024', 4, 'Operator', 'Production', '21-Jan-20'),
(173, '02202002001', 'Endang Mulyaningrum', '2024', 9, 'Operator', 'Production', '21-Feb-20'),
(174, '02202003003', 'Nandang Mushabi', '2024', 5, 'Operator', 'Production', '23-Mar-20'),
(175, '02202003005', 'Nur Afiah', '2024', 4, 'Operator', 'Production', '23-Mar-20'),
(176, '02202007001', 'Jihan Fataa Tsabitul Furqon', '2024', 6, 'Junior Supervisor Produksi', 'Production', '07-Jul-20'),
(177, '02202007002', 'Wibowo Canang Wijayanto', '2024', 6, 'Operator', 'Production', '21-Jul-20'),
(178, '02202011005', 'Uut Solihudin Wakusiman', '2024', 4, 'Operator', 'Production', '23-Nov-20'),
(179, '02202011006', 'Rahma Nur Amin', '2024', 6, 'Operator', 'Production', '23-Nov-20'),
(180, '02202011007', 'Budi Hardianto', '2024', 8, 'Operator', 'Production', '23-Nov-20'),
(181, '02202011012', 'Nur Hayati Fitri Rahayu ', '2024', 3, 'Operator', 'Production', '23-Nov-20'),
(182, '02202102002', 'Khanif Fuady', '2024', 7, 'Junior Supervisor Produksi', 'Production', '08-Feb-21'),
(183, '02202103004', 'Amelia Alda Syafira', '2024', 7, 'Operator', 'Production', '08-Mar-21'),
(184, '02202103006', 'Christian Daniel Hutama', '2024', 5, 'Operator', 'Production', '22-Mar-21'),
(185, '02202103007', 'Riska Tri Kristiyanti', '2024', 8, 'Operator', 'Production', '22-Mar-21'),
(186, '02202109004', 'Azis Miranto', '2024', 5, 'Operator', 'Production', '27-Sep-21'),
(187, '02202112003', 'Apriyanto Irvan Nugroho', '2024', 7, 'Operator', 'Production', '21-Dec-21'),
(188, '02202202003', 'Ratna Wulan Ndari', '2024', 0, 'Operator', 'Production', '07-Feb-22'),
(189, '02202203001', 'Epta Putri Yuliana', '2024', 6, 'Operator', 'Production', '01-Mar-22'),
(190, '02202204005', 'Triyanto', '2024', 5, 'Operator', 'Production', '11-Apr-22'),
(191, '02202205003', 'Krisma Romandani', '2024', 4, 'Operator', 'Production', '23-May-22'),
(192, '02202207006', 'Aji Prabawa', '2024', 6, 'Operator', 'Production', '22-Jul-22'),
(193, '02202207007', 'Christian Damar Nugroho', '2024', 0, 'Operator', 'Production', '22-Jul-22'),
(194, '02202207008', 'Nabilla Zanu Fatmawati', '2024', 4, 'Operator', 'Production', '22-Jul-22'),
(195, '02202207011', 'Dionysius Yofi Vernando', '2024', 4, 'Operator', 'Production', '22-Jul-22'),
(196, '02202208003', 'Danang Arif Wibowo', '2024', 1, 'Operator', 'Production', '08-Aug-22'),
(197, '02202208005', 'Ida Ariyani', '2024', 7, 'Operator', 'Production', '08-Aug-22'),
(198, '02202208006', 'Erwanti Indah Perwitasari', '2024', 6, 'Operator', 'Production', '08-Aug-22'),
(199, '02202208008', 'Febrianto Nugroho', '2024', 7, 'Operator', 'Production', '08-Aug-22'),
(200, '02202208009', 'Alifia Dea Kusumawati', '2024', 5, 'Operator', 'Production', '08-Aug-22'),
(201, '02202208010', 'Surya Aditya', '2024', 6, 'Operator', 'Production', '08-Aug-22'),
(202, '02202209003', 'Mutiara Giri Andriyanti', '2024', 5, 'Operator', 'Production', '21-Sep-22'),
(203, '02202211002', 'Muhammad Burhan Efendi', '2024', 8, 'Operator', 'Production', '21-Nov-22'),
(204, '02202211003', 'Sisti Novita Sari', '2024', 5, 'Operator', 'Production', '21-Nov-22'),
(205, '02202211007', 'Haris Mulyanto', '2024', 3, 'Operator', 'Production', '28-Nov-22'),
(206, '02202211008', 'Silvia Purwaningsih', '2024', 1, 'Operator', 'Production', '28-Nov-22'),
(207, '02202301009', 'Dita Melyna Fitriani', '2024', 4, 'Operator', 'Production', '09-Jan-23'),
(208, '02202301010', 'Dian Sri Sekarningsih', '2024', 5, 'Operator', 'Production', '09-Jan-23'),
(209, '02202301012', 'Fera Dewi Astuti', '2024', 2, 'Operator', 'Production', '23-Jan-23'),
(210, '02202301013', 'Tika Ambarwati', '2024', 5, 'Operator', 'Production', '23-Jan-23'),
(211, '02202301015', 'Lina Nur Isnaini', '2024', 1, 'Operator', 'Production', '23-Jan-23'),
(212, '02202308008', 'Akhmad Ragil Yosi', '2024', 1, 'Operator', 'Production', '28-Aug-23'),
(213, '02202308009', 'Fransiskus Eka Setya Budianto', '2024', 1, 'Operator', 'Production', '28-Aug-23'),
(214, '02202309001', 'Jordan Mahadika', '2024', 0, 'Operator', 'Production', '06-Sep-23'),
(215, '02202309002', 'Fajar Ardhian Henry Pradana', '2024', 0, 'Operator', 'Production', '06-Sep-23'),
(216, '02202309003', 'Nuri Bekti Handayani', '2024', 0, 'Operator', 'Production', '06-Sep-23'),
(217, '02201204001', 'Antonius Poerwoko', '2024', 6, 'Purchasing Manager', 'Purchasing', '02-Apr-12'),
(218, '02201511001', 'Yayan Prihandono', '2024', 7, 'Purchasing Supervisor', 'Purchasing', '04-Nov-15'),
(219, '02201712002', 'Dian Eka Ratnasari', '2024', 7, 'Purchasing Staff', 'Purchasing', '11-Dec-17'),
(220, '02201501001', 'Ignasius Eka Wibowo', '2024', 5, 'QA Manager', 'Quality Assurance', '02-Jan-15'),
(221, '02201307001', 'Iswanniarto Dian Nugroho', '2024', 2, 'QA Staff', 'Quality Assurance', '10-Jul-13'),
(222, '02201506002', 'Nurullita Friska Lukita Sari', '2024', 3, 'QA Staff', 'Quality Assurance', '05-Jun-15'),
(223, '02201612001', 'Anggi Noviantinar Rahmawati', '2024', 8, 'QA Staff', 'Quality Assurance', '01-Dec-16'),
(224, '02201702005', 'Reza Eka Putra', '2024', 6, 'QA Supervisor', 'Quality Assurance', '21-Feb-17'),
(225, '02201710086', 'Amanda Arum Kusuma Astuti', '2024', 9, 'QA Staff', 'Quality Assurance', '23-Oct-17'),
(226, '02201801001', 'Dian Anggraeni', '2024', 3, 'QA Staff', 'Quality Assurance', '22-Jan-18'),
(227, '02202302001', 'Maria Faustina Sari', '2024', 6, 'QA Supervisor', 'Quality Assurance', '06-Feb-23'),
(228, '02202102004', 'Johannes Sianturi Baskoro', '2024', 4, 'QA Staff', 'Quality Assurance', '22-Feb-21'),
(229, '02202102005', 'Afiana Suroto', '2024', 2, 'QA Staff', 'Quality Assurance', '22-Feb-21'),
(230, '02202111007', 'Febryan Angga Saputra', '2024', 3, 'QA Staff', 'Quality Assurance', '22-Nov-21'),
(231, '02201207001', 'Y. Rizaqa Prema Arsyto', '2024', 3, 'Quality Control Manager', 'Quality Control', '02-Jul-12'),
(232, '02201303002', 'Titit Wulandari', '2024', 5, 'Microbiology Analysis Supervisor', 'Quality Control', '26-Mar-13'),
(233, '02201004001', 'Nurma Purwaningtyas', '2024', 6, 'QC Staff', 'Quality Control', '15-Apr-10'),
(234, '02201102001', 'Maria Gorreti Dwi Agusti Sunarwati', '2024', 8, 'QC Staff', 'Quality Control', '01-Feb-11'),
(235, '02201309003', 'Purnani', '2024', 5, 'QC Staff', 'Quality Control', '03-Sep-13'),
(236, '02201309004', 'Herlambang Akbar Irana', '2024', 2, 'QC Staff', 'Quality Control', '10-Sep-13'),
(237, '02201309005', 'Tika Handayani', '2024', 6, 'QC Staff', 'Quality Control', '10-Sep-13'),
(238, '02201310006', 'RR. Dina Purnamasari', '2024', 2, 'QC Staff', 'Quality Control', '11-Oct-13'),
(239, '02201406003', 'Setyo Budi Hernawan', '2024', 2, 'QC Staff', 'Quality Control', '26-Jun-14'),
(240, '02201408008', 'Wahyu Wintoko', '2024', 8, 'QC Staff', 'Quality Control', '04-Aug-14'),
(241, '02201408009', 'Joko Wahono', '2024', 5, 'QC Staff', 'Quality Control', '26-Aug-14'),
(242, '02201507004', 'Agung Pamungkas', '2024', 2, 'QC Staff', 'Quality Control', '27-Jul-15'),
(243, '02201507006', 'Daryanto', '2024', 7, 'QC Staff', 'Quality Control', '27-Jul-15'),
(244, '02201507010', 'Resti Yudha Pratama', '2024', 0, 'QC Staff', 'Quality Control', '27-Jul-15'),
(245, '02201605003', 'Ely Wirawan', '2024', 2, 'QC Staff', 'Quality Control', '23-May-16'),
(246, '02201605004', 'Samuel Engkos Putra Hargyantara', '2024', 3, 'QC Staff', 'Quality Control', '23-May-16'),
(247, '02201608002', 'Sidiq Heri Sulistyo', '2024', 8, 'QC Staff', 'Quality Control', '22-Aug-16'),
(248, '02201708011', 'Eko Prasetyo', '2024', 7, 'QC Staff', 'Quality Control', '28-Aug-17'),
(249, '02201709010', 'Riska Kurniawati', '2024', 6, 'Adm. & Penerimaan Sampel', 'Laboratorium', '11-Sep-17'),
(250, '02201709048', 'Dimas Cahyo Pratomo', '2024', 7, 'QC Staff', 'Quality Control', '29-Sep-17'),
(251, '02201710123', 'Aldyanto Setyawan', '2024', 6, 'QC Staff', 'Quality Control', '30-Oct-17'),
(252, '02201710124', 'Ika Widyasari Ramadhani', '2024', 6, 'QC Staff', 'Quality Control', '30-Oct-17'),
(253, '02201711011', 'Ardito Wijayanto', '2024', 4, 'QC Staff', 'Quality Control', '13-Nov-17'),
(254, '02201711026', 'Daniel Budi Prasetyo', '2024', 0, 'QC Staff', 'Quality Control', '21-Nov-17'),
(255, '02201910006', 'Muhamad Solikhin Sugiyanto', '2024', 7, 'Analis Mikrobiologi', 'Quality Control', '21-Oct-19'),
(256, '02201910007', 'Afif Luqman Aji Prayoga', '2024', 6, 'QC Staff', 'Quality Control', '21-Oct-19'),
(257, '02202004001', 'Erma Dewi Astiyanti', '2024', 7, 'QC Staff', 'Quality Control', '01-Apr-20'),
(258, '02202012002', 'Riza Mahadirka Putra', '2024', 6, 'QC Staff', 'Quality Control', '07-Dec-20'),
(259, '02202103001', 'Ade Arfianto', '2024', 7, 'QC Staff', 'Quality Control', '01-Mar-21'),
(260, '02202105001', 'Dyah Nurulsuci Widdhyaningtyas', '2024', 6, 'QC Staff', 'Quality Control', '03-May-21'),
(261, '02202105002', 'Dini Pisserela', '2024', 5, 'Quality Control Supervisor', 'Quality Control', '21-May-21'),
(262, '02202109002', 'Dhanis Rachmawan', '2024', 5, 'QC Staff', 'Quality Control', '21-Sep-21'),
(263, '02202111006', 'Nurlita Primasari', '2024', 5, 'Quality Control Supervisor', 'Quality Control', '22-Nov-21'),
(264, '02202112001', 'Dwi Muhammad Yusuf', '2024', 8, 'Analis Laboratorium', 'Laboratorium', '21-Dec-21'),
(265, '02202206006', 'Ariyanto', '2024', 4, 'QC Staff', 'Quality Control', '21-Jun-22'),
(266, '02202207001', 'Deva Anjas Sudarwanto', '2024', 7, 'QC Staff', 'Quality Control', '04-Jul-22'),
(267, '02202207002', 'Winayu Nurlita Gayatri', '2024', 8, 'Analis Laboratorium', 'Laboratorium', '04-Jul-22'),
(268, '02202207003', 'Budiani Astuti', '2024', 7, 'QC Staff', 'Quality Control', '04-Jul-22'),
(269, '02202207004', 'Muhammad Naufal Aldy Syahputra', '2024', 6, 'QC Staff', 'Quality Control', '11-Jul-22'),
(270, '02202310003', 'Shafira Rizqa Hasanta', '2024', 0, 'QC Staff', 'Quality Control', '23-Oct-23'),
(271, '02202311001', 'Defia Yunita', '2024', 0, 'QC Staff', 'Quality Control', '21-Nov-23'),
(272, '02202311002', 'Nasya Noor Afala', '2024', 0, 'QC Staff', 'Quality Control', '21-Nov-23'),
(273, '02202311003', 'Hesty Masya Mukti', '2024', 0, 'QC Staff', 'Quality Control', '21-Nov-23'),
(274, '02201602001', 'Indra Mariana', '2024', 9, 'Quality System Manager', 'Quality System', '09-Feb-16'),
(275, '02201807004', 'Fransisca Romana Dyah Kuswantari', '2024', 3, 'Assistant Quality System', 'Quality System', '10-Dec-15'),
(276, '02201401002', 'Thedjo Novi Rahayu', '2024', 6, 'R & D Manager', 'RND', '06-Jan-14'),
(277, '02201703001', 'Bernadeta Ardy Puspitarini', '2024', 5, 'Product Manager', 'RND', '06-Mar-17'),
(278, '02200701001', 'Esther Sasmita', '2024', 7, 'Proccess Dev. Supervisor', 'RND', '28-Feb-07'),
(279, '02201303001', 'Stefani Putri Harsanto', '2024', -1, 'Formulation Supervisor', 'RND', '21-Apr-13'),
(280, '02201607002', 'Thomas Anggun Dian Prakoso', '2024', 3, 'Analitycal Development Supervisor', 'RND', '21-Jul-16'),
(281, '02200704001', 'Yanuri', '2024', 2, 'Koordinator Mixing', 'RND', '28-Apr-07'),
(282, '02200808001', 'Yunarto', '2024', 6, 'Operator', 'RND', '05-Aug-08'),
(283, '02201206001', 'Siswaya Haryanto', '2024', 1, 'Operator', 'RND', '01-Jun-12'),
(284, '02201309002', 'Fitri Maryati', '2024', 1, 'Operator', 'RND', '03-Sep-13'),
(285, '02201309007', 'Yuniar Tri Prabawa', '2024', 5, 'Operator', 'RND', '02-Sep-13'),
(286, '02201410003', 'Dony Hermawan', '2024', 4, 'Analitycal Development Staff', 'RND', '27-Oct-14'),
(287, '02201507002', 'Dewi Rosaria', '2024', 8, 'Stability Cord. Staff', 'RND', '21-Jul-15'),
(288, '02201603004', 'Septina Maulida', '2024', 0, 'Packaging Development Staff', 'RND', '10-Mar-16'),
(289, '02201703003', 'Yuliana Jakiyah', '2024', 3, 'Packaging Development Staff', 'RND', '21-Mar-17'),
(290, '02201707002', 'Ananda Siwi Lesmana', '2024', 3, 'Process Development Supervisor', 'RND', '03-Jul-17'),
(291, '02201709038', 'Dhea Mahanani Sasanti', '2024', 3, 'Packaging Development Staff', 'RND', '25-Sep-17'),
(292, '02201710098', 'Dini Ramadhani', '2024', 0, 'Stability Study Staff', 'RND', '24-Oct-17'),
(293, '02201711027', 'Novia Eko Suhartanti', '2024', 5, 'Packaging Development Staff', 'RND', '21-Nov-17'),
(294, '02201712043', 'Ahmad Arif Suhada', '2024', 4, 'Formulation Staff', 'RND', '21-Dec-17'),
(295, '02202102003', 'Irene Meisty Sambenthiro', '2024', 5, 'Analitycal Development Staff', 'RND', '08-Feb-21'),
(296, '02202209001', 'Agnesia Kristina Putri', '2024', 8, 'Formulation Supervisor', 'RND', '12-Sep-22'),
(297, '02202209002', 'Mega Wiraningrum', '2024', 6, 'Stability Study Staff', 'RND', '12-Sep-22'),
(298, '02202307005', 'Jaka Triwiyana', '2024', 2, 'Staff Desain Grafis', 'RND', '24-Jul-23'),
(299, '02202308006', 'Anastasia Hirya Kurnia Danastri', '2024', 1, 'Registration Supervisor', 'RND', '28-Aug-23'),
(300, '02202307001', 'Ayu Wulandari', '2024', 3, 'Analitycal Development Staff', 'RND', '03-Jul-23'),
(301, '02202107001', 'Merywati', '2024', 7, 'PPIC Supervisor Plant-2', 'PPIC', '04-Dec-17'),
(302, '02202107003', 'Supriyanto', '2024', 8, 'Production Operator Plant-2', 'Production', '02-Jan-18'),
(303, '02202107004', 'Yahya Handayani', '2024', 6, 'Warehouse Operator Plant-2', 'Production', '02-Jan-18'),
(304, '02202107005', 'Gogot Agus Susanto', '2024', 8, 'Warehouse Operator Plant-2', 'Production', '02-Jan-18'),
(305, '02202107006', 'Lintang Margani Sapta N', '2024', 6, 'Packer Plant-2', 'Production', '02-Jan-18'),
(306, '02202107007', 'Lusi Darwati', '2024', 4, 'Packer Plant-2', 'Production', '02-Jan-18'),
(307, '02202107008', 'Ivan Setiawan', '2024', 10, 'Security Plant-2', 'HR & GA', '22-Jan-18'),
(308, '02202107011', 'Sigit Haryono', '2024', 10, 'Security Plant-2', 'HR & GA', '21-Feb-18'),
(309, '02202107015', 'Suci Puji Lestari', '2024', 6, 'Packer Plant-2', 'Production', '21-Jun-21'),
(310, '02202109003', 'Akik Kurniawan', '2024', 6, 'QC Officer', 'Quality Control', '21-Sep-21'),
(311, '02202110002', 'Azys Kurniawan', '2024', 10, 'Security Plant-2', 'HR & GA', '21-Oct-21'),
(312, '02202111002', 'Adhitya Rena Saputra', '2024', 5, 'Production Operator Plant-2', 'Production', '08-Nov-21'),
(313, '02202308003', 'Wahyu Nugroho', '2024', 4, 'Security', 'HR & GA', '21-Aug-23'),
(314, '02202111004', 'Frans Harsen Pulung', '2024', 6, 'Head Div. of  Supply Chain', 'Supply Chain', '01-Jul-14'),
(315, '02202111005', 'Tony Handoyo', '2024', 9, 'Pjs. SMGR of  Supply Chain', 'Supply Chain', '07-Oct-11'),
(316, '02202012001', 'Theresia Ajeng Wulandari', '2024', 5, 'Admin Staff', 'Supply Chain', '07-Dec-20'),
(317, '02202111003', 'Hendra', '2024', 8, 'Finance & Accounting Manager', 'Finance & Accounting', '2019-03-21'),
(318, '02201503001', 'Donna Bella Tjan', '2024', 6, 'Finance & Accounting Supervisor', 'Finance & Accounting', '2015-03-02'),
(319, '02201510001', ' Nobert Yulius Polimpung ', '2024', 4, 'Finance & Accounting Staff', 'Finance & Accounting', '2015-10-26'),
(320, '02201709040', 'Reza Galih Widiatmoko', '2024', 9, 'Finance & Accounting Staff', 'Finance & Accounting', '2017-09-25'),
(321, '02201903002', 'Maria Ika Astuti', '2024', 0, 'Finance & Accounting Staff', 'Finance & Accounting', '2019-03-21'),
(322, '02202003002', 'Adi Irawan Septiyanto', '2024', 9, 'Finance & Accounting Staff', 'Finance & Accounting', '2020-07-21'),
(323, '02202102001', 'RR. AM. Itut Nugrahani', '2024', 4, 'Finance & Accounting Staff', 'Finance & Accounting', '2008-05-05'),
(324, '02202201005', 'Fitriana', '2024', 6, 'Finance & Accounting Staff', 'Finance & Accounting', '2015-01-05'),
(325, '02201710034', 'Aviliani Rahmawati', '2024', 8, 'Finance & Acc. Adm. Staff', 'Finance & Accounting', '2017-10-16'),
(326, '02202107009', 'Caecilia Iswardani', '2024', 8, 'Finance & Accounting Staff', 'Finance & Accounting', '2018-01-22'),
(327, '02202107010', 'Dinda Gusti Widati', '2024', 6, 'Finance & Accounting Staff', 'Finance & Accounting', '2018-01-23'),
(328, '02202310001', 'Putri Diyah Anggraeni', '2024', 0, 'Finance & Accounting Staff', 'Finance & Accounting', '2023-10-02'),
(329, '02202310002', 'Arista Febri Hastini', '2024', 0, 'Finance & Accounting Staff', 'Finance & Accounting', '2023-10-23');

--
-- Indexes for dumped tables
--

--
-- Indexes for table `batal_cuti_izin`
--
ALTER TABLE `batal_cuti_izin`
  ADD PRIMARY KEY (`id_batal`);

--
-- Indexes for table `cuti_bersama`
--
ALTER TABLE `cuti_bersama`
  ADD PRIMARY KEY (`id`);

--
-- Indexes for table `hak_cuti`
--
ALTER TABLE `hak_cuti`
  ADD PRIMARY KEY (`id_hc`);

--
-- Indexes for table `surat_izin`
--
ALTER TABLE `surat_izin`
  ADD PRIMARY KEY (`id_izin`);

--
-- Indexes for table `tb_sisa_cuti`
--
ALTER TABLE `tb_sisa_cuti`
  ADD PRIMARY KEY (`id_sisa_cuti`);

--
-- AUTO_INCREMENT for dumped tables
--

--
-- AUTO_INCREMENT for table `batal_cuti_izin`
--
ALTER TABLE `batal_cuti_izin`
  MODIFY `id_batal` int(10) NOT NULL AUTO_INCREMENT, AUTO_INCREMENT=49;

--
-- AUTO_INCREMENT for table `cuti_bersama`
--
ALTER TABLE `cuti_bersama`
  MODIFY `id` int(11) NOT NULL AUTO_INCREMENT, AUTO_INCREMENT=742;

--
-- AUTO_INCREMENT for table `hak_cuti`
--
ALTER TABLE `hak_cuti`
  MODIFY `id_hc` int(11) NOT NULL AUTO_INCREMENT, AUTO_INCREMENT=52;

--
-- AUTO_INCREMENT for table `surat_izin`
--
ALTER TABLE `surat_izin`
  MODIFY `id_izin` int(5) NOT NULL AUTO_INCREMENT, AUTO_INCREMENT=424;

--
-- AUTO_INCREMENT for table `tb_sisa_cuti`
--
ALTER TABLE `tb_sisa_cuti`
  MODIFY `id_sisa_cuti` int(100) NOT NULL AUTO_INCREMENT, AUTO_INCREMENT=3484;
COMMIT;

/*!40101 SET CHARACTER_SET_CLIENT=@OLD_CHARACTER_SET_CLIENT */;
/*!40101 SET CHARACTER_SET_RESULTS=@OLD_CHARACTER_SET_RESULTS */;
/*!40101 SET COLLATION_CONNECTION=@OLD_COLLATION_CONNECTION */;
